stream_id,@timestamp,event.kind,event.category,event.type,event.action,event.outcome,event.module,event.dataset,event.duration,security.severity,rule.id,rule.name,service.name,trace.id,span.id,user.id,user.name,log.level,error.class,error.message,message,extras
1787610241917-0,2026-08-24T22:24:01.911435646Z,,api,access,GET /modo,success,,,0,,,,code-with-quarkus-pride,473d53c6d605425e9a67df2badac8872,153276211fe04922,anonymous,anonymous,INFO,,,SPN HTTP access GET /modo status=200,"{""source.port"":""0""}"
1787610241304-0,2026-08-24T22:24:01.297126204Z,,api,access,GET /manifest.webmanifest,success,,,0,,,,code-with-quarkus-pride,3c5868914df5482f807920b579d91d0d,6fc11cf8cea2446c,anonymous,anonymous,INFO,,,SPN HTTP access GET /manifest.webmanifest status=200,"{""source.port"":""0""}"
1787610241215-0,2026-08-24T22:24:01.204169915Z,,api,access,GET /telemetria,success,,,586000000,,,,code-with-quarkus-pride,293ac34ee3b7450e80bb0931077c6109,7de19582138144b4,anonymous,anonymous,INFO,,,SPN HTTP access GET /telemetria status=200,"{""source.port"":""0""}"
1787610240575-0,2026-08-24T22:24:00.573078456Z,,api,access,GET /home/situacao,success,,,0,,,,code-with-quarkus-pride,4e52e44656c74977a18da3cb2ed9667d,c0f3451214204ccb,anonymous,anonymous,INFO,,,SPN HTTP access GET /home/situacao status=200,"{""source.port"":""0""}"
1787610234255-0,2026-08-24T22:23:54.254901901Z,,api,access,GET /modo,success,,,0,,,,code-with-quarkus-pride,a322492f4d3a4c6a898397cc42f22597,16971e77fbd349a5,anonymous,anonymous,INFO,,,SPN HTTP access GET /modo status=200,"{""source.port"":""0""}"
1787610233921-0,2026-08-24T22:23:53.920503337Z,,api,access,GET /manifest.webmanifest,success,,,0,,,,code-with-quarkus-pride,36ad812444c646bda988e0f0cbfc90aa,008e58f97ba74c5a,anonymous,anonymous,INFO,,,SPN HTTP access GET /manifest.webmanifest status=200,"{""source.port"":""0""}"
1787610233871-0,2026-08-24T22:23:53.871381976Z,,api,access,GET /telemetria/fatia/web,success,,,240000000,,,,code-with-quarkus-pride,d6d9fdcd111645a489a610d1a58ff920,0d0f2944d3a84573,anonymous,anonymous,INFO,,,SPN HTTP access GET /telemetria/fatia/web status=200,"{""source.port"":""0""}"
1787610226446-0,2026-08-24T22:23:46.445732598Z,,api,access,GET /modo,success,,,0,,,,code-with-quarkus-pride,dd3bd60d2a0b47aa91bbae410cf29d91,123c5a778c3e4d21,anonymous,anonymous,INFO,,,SPN HTTP access GET /modo status=200,"{""source.port"":""0""}"
1787610226108-0,2026-08-24T22:23:46.107062519Z,,api,access,GET /manifest.webmanifest,success,,,0,,,,code-with-quarkus-pride,81eab54c0d2c4dc4aae6788f3bc1bf39,0af0963717984ee2,anonymous,anonymous,INFO,,,SPN HTTP access GET /manifest.webmanifest status=200,"{""source.port"":""0""}"
1787610226050-0,2026-08-24T22:23:46.048616075Z,,api,access,GET /telemetria/fatia/integracao,success,,,367000000,,,,code-with-quarkus-pride,5e90bd8ccc974bceb466aa7e9422ac4a,37f7df6caae3416f,anonymous,anonymous,INFO,,,SPN HTTP access GET /telemetria/fatia/integracao status=200,"{""source.port"":""0""}"
1787610218972-0,2026-08-24T22:23:38.971294721Z,,api,access,GET /modo,success,,,0,,,,code-with-quarkus-pride,0b058d8146334770b8bf1c12f33bb212,27ed1b44338041da,anonymous,anonymous,INFO,,,SPN HTTP access GET /modo status=200,"{""source.port"":""0""}"
1787610218632-0,2026-08-24T22:23:38.630882696Z,,api,access,GET /manifest.webmanifest,success,,,0,,,,code-with-quarkus-pride,05369bd2a8124c74886340d3be56e386,bc7948810f5e4963,anonymous,anonymous,INFO,,,SPN HTTP access GET /manifest.webmanifest status=200,"{""source.port"":""0""}"
1787610218573-0,2026-08-24T22:23:38.572483742Z,,api,access,GET /telemetria/fatia/correlacao,success,,,315000000,,,,code-with-quarkus-pride,a1ec5f7c052a426480efd0757305562a,fc56a8b3a1614cb8,anonymous,anonymous,INFO,,,SPN HTTP access GET /telemetria/fatia/correlacao status=200,"{""source.port"":""0""}"
1787610214572-0,2026-08-24T22:23:34.571077998Z,,api,access,GET /home/situacao,success,,,0,,,,code-with-quarkus-pride,6ff8acfe81d148e091d368dbfca8a34b,f2c262444a3247c9,anonymous,anonymous,INFO,,,SPN HTTP access GET /home/situacao status=200,"{""source.port"":""0""}"
1787610213608-0,2026-08-24T22:23:33.607468352Z,,api,access,GET /home/fluxo,success,,,25000000,,,,code-with-quarkus-pride,38e636022d214c08a892d4db23813625,3334e53652e34965,anonymous,anonymous,INFO,,,SPN HTTP access GET /home/fluxo status=200,"{""source.port"":""0""}"
1787610213602-0,2026-08-24T22:23:33.597423647Z,,api,access,GET /home/kpis,success,,,15000000,,,,code-with-quarkus-pride,7c0bdf2a3b30433287745b9a5b996141,14c44df26fc04bd7,anonymous,anonymous,INFO,,,SPN HTTP access GET /home/kpis status=200,"{""source.port"":""0""}"
1787610212172-0,2026-08-24T22:23:32.171295240Z,,api,access,GET /modo,success,,,0,,,,code-with-quarkus-pride,d29de3e84d044409a8816a52faf5cc4f,6abc0e190079453a,anonymous,anonymous,INFO,,,SPN HTTP access GET /modo status=200,"{""source.port"":""0""}"
1787610211818-0,2026-08-24T22:23:31.817348178Z,,api,access,GET /manifest.webmanifest,success,,,0,,,,code-with-quarkus-pride,9bf2394bff874da49d061fe398cc41ec,ee22be0441874eaf,anonymous,anonymous,INFO,,,SPN HTTP access GET /manifest.webmanifest status=200,"{""source.port"":""0""}"
1787610211757-0,2026-08-24T22:23:31.757058234Z,,api,access,GET /telemetria/fatia/analiseLocal,success,,,253000000,,,,code-with-quarkus-pride,5c952bd963c441238cadd218dbca2327,9fe210466c944901,anonymous,anonymous,INFO,,,SPN HTTP access GET /telemetria/fatia/analiseLocal status=200,"{""source.port"":""0""}"
1787610203438-0,2026-08-24T22:23:23.436804565Z,,api,access,GET /modo,success,,,0,,,,code-with-quarkus-pride,313873ceeeb740549c45cccb4497d482,2f80cc64f1904e99,anonymous,anonymous,INFO,,,SPN HTTP access GET /modo status=200,"{""source.port"":""0""}"
1787610203060-0,2026-08-24T22:23:23.059156216Z,,api,access,GET /manifest.webmanifest,success,,,0,,,,code-with-quarkus-pride,5999f6f83821420181a9ecfe7f606c81,9b2a5fa040c34561,anonymous,anonymous,INFO,,,SPN HTTP access GET /manifest.webmanifest status=200,"{""source.port"":""0""}"
1787610202718-0,2026-08-24T22:23:22.717877692Z,,api,access,GET /telemetria,success,,,353000000,,,,code-with-quarkus-pride,81d8472d66e9489caa0e575460a01ebc,29fb7bc8f9214068,anonymous,anonymous,INFO,,,SPN HTTP access GET /telemetria status=200,"{""source.port"":""0""}"
1787610198590-0,2026-08-24T22:23:18.589902177Z,,api,access,GET /home/situacao,success,,,1000000,,,,code-with-quarkus-pride,7d63c422935942ef947f9d5fffda931c,285bbd2bbf934df1,anonymous,anonymous,INFO,,,SPN HTTP access GET /home/situacao status=200,"{""source.port"":""0""}"
1787610191766-0,2026-08-24T22:23:11.765736021Z,,api,access,GET /modo,success,,,0,,,,code-with-quarkus-pride,26334c302088434b923b9a76a5d6e084,e72a6c8616f049d8,anonymous,anonymous,INFO,,,SPN HTTP access GET /modo status=200,"{""source.port"":""0""}"
1787610191335-0,2026-08-24T22:23:11.333513Z,,api,access,GET /manifest.webmanifest,success,,,0,,,,code-with-quarkus-pride,1c83fa71c867416f9dc0e307db633218,9ef6dbb15dc847d9,anonymous,anonymous,INFO,,,SPN HTTP access GET /manifest.webmanifest status=200,"{""source.port"":""0""}"
1787610191177-0,2026-08-24T22:23:11.175972906Z,,api,access,GET /correlacao,success,,,56000000,,,,code-with-quarkus-pride,9289b2d3a7f442ee99a74113248b3352,977e0e6f56ed4ea9,anonymous,anonymous,INFO,,,SPN HTTP access GET /correlacao status=200,"{""source.port"":""0""}"
1787610191163-0,2026-08-24T22:23:11.161971831Z,event,process,,correlacao.calculada,success,correlacao,pride.correlacao,,,,,,,,,,,,,,"{""labels.truncado"":""false"",""labels.sem_chave"":""0"",""labels.arquivos_cruzados"":""42"",""labels.achados_lidos"":""403"",""labels.relatorios_ilegiveis"":""0""}"
1787610187236-0,2026-08-24T22:23:07.234894536Z,,api,access,GET /modo,success,,,0,,,,code-with-quarkus-pride,d30bad0af83b4f509097092fd06bf502,427925308b5f45bf,anonymous,anonymous,INFO,,,SPN HTTP access GET /modo status=200,"{""source.port"":""0""}"
1787610186898-0,2026-08-24T22:23:06.897043464Z,,api,access,GET /manifest.webmanifest,success,,,0,,,,code-with-quarkus-pride,28dbd308ed684cc3b22dc4d78e21a7cf,a1a16ea0f4df47c2,anonymous,anonymous,INFO,,,SPN HTTP access GET /manifest.webmanifest status=200,"{""source.port"":""0""}"
1787610186841-0,2026-08-24T22:23:06.840209007Z,,api,access,GET /inventario,success,,,606000000,,,,code-with-quarkus-pride,0745c1f676d1480195abfcd5c216bed8,bf1c9cfa5d2c4b59,anonymous,anonymous,INFO,,,SPN HTTP access GET /inventario status=200,"{""source.port"":""0""}"
1787610185300-0,2026-08-24T22:23:05.298265347Z,,api,access,POST /inventario/ia/local,success,,,2045000000,,,,code-with-quarkus-pride,d2fe685a3b124fcb96d89058edf22695,7462062812ed44d3,anonymous,anonymous,INFO,,,SPN HTTP access POST /inventario/ia/local status=200,"{""source.port"":""0""}"
1787610184252-0,2026-08-24T22:23:04.251677748Z,event,process,,inventario.ia.classificado,success,inventario,pride.inventario,,,,,,,,,,,,,,"{""labels.categoria"":""servico-exposto"",""labels.motor"":""local"",""labels.confianca"":""85""}"
1787610183640-0,2026-08-24T22:23:03.639620810Z,,api,access,GET /home/fluxo,success,,,45000000,,,,code-with-quarkus-pride,5af11047412a4784a3eed2a2ff3a2374,dd7f9f4ac7924581,anonymous,anonymous,INFO,,,SPN HTTP access GET /home/fluxo status=200,"{""source.port"":""0""}"
1787610183601-0,2026-08-24T22:23:03.596362144Z,,api,access,GET /home/situacao,success,,,2000000,,,,code-with-quarkus-pride,45c025f8de294558b6d37ab4aba9bf16,59964123d7fc4bd6,anonymous,anonymous,INFO,,,SPN HTTP access GET /home/situacao status=200,"{""source.port"":""0""}"
1787610183571-0,2026-08-24T22:23:03.569438069Z,,api,access,GET /home/kpis,success,,,9000000,,,,code-with-quarkus-pride,8d0f9d770d9e4b69925945fbeb4ed74f,a112ed1dd08b4bf7,anonymous,anonymous,INFO,,,SPN HTTP access GET /home/kpis status=200,"{""source.port"":""0""}"
1787610181373-0,2026-08-24T22:23:01.371781099Z,,api,access,GET /inventario/ia/prompt,success,,,634000000,,,,code-with-quarkus-pride,33c3c3a189cb4b24be087ebcec353509,67fb3379d1bb49d2,anonymous,anonymous,INFO,,,SPN HTTP access GET /inventario/ia/prompt status=200,"{""source.port"":""0""}"
1787610177911-0,2026-08-24T22:22:57.910550307Z,,api,access,GET /modo,success,,,1000000,,,,code-with-quarkus-pride,8aafc6e54a234d0099ba064770f89e3c,cbdc3b0117e84411,anonymous,anonymous,INFO,,,SPN HTTP access GET /modo status=200,"{""source.port"":""0""}"
1787610177368-0,2026-08-24T22:22:57.366478711Z,,api,access,GET /manifest.webmanifest,success,,,0,,,,code-with-quarkus-pride,13a8815853f544d5aa845774424a0b12,3c3234c32d9e4a62,anonymous,anonymous,INFO,,,SPN HTTP access GET /manifest.webmanifest status=200,"{""source.port"":""0""}"
1787610177307-0,2026-08-24T22:22:57.306767291Z,,api,access,GET /inventario/classificacao,success,,,591000000,,,,code-with-quarkus-pride,316a38308bd641178792791c1bc157a1,e8965d53e566428b,anonymous,anonymous,INFO,,,SPN HTTP access GET /inventario/classificacao status=200,"{""source.port"":""0""}"
1787610168561-0,2026-08-24T22:22:48.560918382Z,,api,access,GET /home/situacao,success,,,1000000,,,,code-with-quarkus-pride,66f0887830cb46ae97909ab1884afa30,380ec71bffaa4897,anonymous,anonymous,INFO,,,SPN HTTP access GET /home/situacao status=200,"{""source.port"":""0""}"
1787610164217-0,2026-08-24T22:22:44.215668921Z,,api,access,GET /modo,success,,,0,,,,code-with-quarkus-pride,c590058b7c0a4435aba8d429dd13f33e,4e25ed3dac1b43d3,anonymous,anonymous,INFO,,,SPN HTTP access GET /modo status=200,"{""source.port"":""0""}"
1787610163856-0,2026-08-24T22:22:43.853603697Z,,api,access,GET /manifest.webmanifest,success,,,0,,,,code-with-quarkus-pride,cec05a33d07e43a89b5dce252f5dd4e7,5ab5a60d4bf74b3d,anonymous,anonymous,INFO,,,SPN HTTP access GET /manifest.webmanifest status=200,"{""source.port"":""0""}"
1787610163518-0,2026-08-24T22:22:43.517399594Z,,api,access,GET /inventario,success,,,1487000000,,,,code-with-quarkus-pride,2627a96b6ede409f839776f62228527d,0bade1af548c4813,anonymous,anonymous,INFO,,,SPN HTTP access GET /inventario status=200,"{""source.port"":""0""}"
1787610156436-0,2026-08-24T22:22:36.433793326Z,,api,access,GET /integracao/ferramenta/semgrep,success,,,1000000,,,,code-with-quarkus-pride,f4fad0122e924c89acd74397cbedbfbd,766b269b367f4167,anonymous,anonymous,INFO,,,SPN HTTP access GET /integracao/ferramenta/semgrep status=200,"{""source.port"":""0""}"
1787610154746-0,2026-08-24T22:22:34.745147127Z,,api,access,GET /integracao/ferramenta/zap,success,,,1000000,,,,code-with-quarkus-pride,ec755e7ca58542ac8e572b67bee7a7a7,db30235696db405c,anonymous,anonymous,INFO,,,SPN HTTP access GET /integracao/ferramenta/zap status=200,"{""source.port"":""0""}"
1787610154086-0,2026-08-24T22:22:34.084331211Z,,api,access,GET /integracao/ferramenta/osv-scanner,success,,,1000000,,,,code-with-quarkus-pride,ed271b9315774cb8ae93db5a12f56381,30bc601525674840,anonymous,anonymous,INFO,,,SPN HTTP access GET /integracao/ferramenta/osv-scanner status=200,"{""source.port"":""0""}"
1787610153505-1,2026-08-24T22:22:33.505064381Z,,api,access,GET /home/kpis,success,,,26000000,,,,code-with-quarkus-pride,d295a7845d664cb39994bc5fb4fe5da1,81ea36df74d84393,anonymous,anonymous,INFO,,,SPN HTTP access GET /home/kpis status=200,"{""source.port"":""0""}"
1787610153505-0,2026-08-24T22:22:33.504203506Z,,api,access,GET /home/fluxo,success,,,63000000,,,,code-with-quarkus-pride,4efbedc349fe4764aea4be774d986661,1a927f61c3c2426a,anonymous,anonymous,INFO,,,SPN HTTP access GET /home/fluxo status=200,"{""source.port"":""0""}"
1787610153479-0,2026-08-24T22:22:33.441477969Z,,api,access,GET /home/situacao,success,,,1000000,,,,code-with-quarkus-pride,3ba5df54534641e3a47b265ffe86eea9,21cda55f37e64aca,anonymous,anonymous,INFO,,,SPN HTTP access GET /home/situacao status=200,"{""source.port"":""0""}"
1787610152797-0,2026-08-24T22:22:32.796848053Z,,api,access,GET /integracao/ferramenta/trivy,success,,,0,,,,code-with-quarkus-pride,b6334719074e495287d51e32f4ab0d85,4c184b1b56484b50,anonymous,anonymous,INFO,,,SPN HTTP access GET /integracao/ferramenta/trivy status=200,"{""source.port"":""0""}"
1787610151751-0,2026-08-24T22:22:31.750218193Z,,api,access,GET /integracao/ferramenta/gitleaks,success,,,1000000,,,,code-with-quarkus-pride,3a1de07e3b594d7fbe38777e1b2f87d2,0c412a9716cd4c7e,anonymous,anonymous,INFO,,,SPN HTTP access GET /integracao/ferramenta/gitleaks status=200,"{""source.port"":""0""}"
1787610136955-0,2026-08-24T22:22:16.953724343Z,,api,access,GET /integracao/importacoes,success,,,2000000,,,,code-with-quarkus-pride,a04a507291dd48be987ecbc28423ba98,30d24579172e4a81,anonymous,anonymous,INFO,,,SPN HTTP access GET /integracao/importacoes status=200,"{""source.port"":""0""}"
1787610136951-0,2026-08-24T22:22:16.950071205Z,,api,access,GET /modo,success,,,0,,,,code-with-quarkus-pride,dd0af151feea49969348119c88fcf78a,163af9ce1b4e4b81,anonymous,anonymous,INFO,,,SPN HTTP access GET /modo status=200,"{""source.port"":""0""}"
1787610136325-0,2026-08-24T22:22:16.322881015Z,,api,access,GET /manifest.webmanifest,success,,,0,,,,code-with-quarkus-pride,ffba8181bd9740fcb0f536f2b48862bb,50cc17497d4d46b7,anonymous,anonymous,INFO,,,SPN HTTP access GET /manifest.webmanifest status=200,"{""source.port"":""0""}"
1787610136262-0,2026-08-24T22:22:16.260308842Z,,api,access,GET /integracao,success,,,13000000,,,,code-with-quarkus-pride,7ac82b97c7814ec3b4458e47a838d93c,0c22f6d9af92482e,anonymous,anonymous,INFO,,,SPN HTTP access GET /integracao status=200,"{""source.port"":""0""}"
1787610131743-0,2026-08-24T22:22:11.742428812Z,,api,access,POST /analise/AMD::amd_report_20260824_222033.json/parecer/local,success,,,11000000,,,,code-with-quarkus-pride,cca91a54ebae42c7b68b961abb15ba67,74c4ed80249b4fd9,anonymous,anonymous,INFO,,,SPN HTTP access POST /analise/AMD::amd_report_20260824_222033.json/parecer/local status=200,"{""source.port"":""0""}"
1787610131641-0,2026-08-24T22:22:11.638928926Z,,api,access,GET /analise/AMD::amd_report_20260824_222033.json/prompt,success,,,6000000,,,,code-with-quarkus-pride,a93e36e5e8a5482e9e1073889b3fc81e,e18eb812fe6341e5,anonymous,anonymous,INFO,,,SPN HTTP access GET /analise/AMD::amd_report_20260824_222033.json/prompt status=200,"{""source.port"":""0""}"
1787610131640-0,2026-08-24T22:22:11.638303965Z,event,process,,relatorio.parecer.solicitado,unknown,analiseRelatorio,pride.relatorios,,,,,,,,,,,,,,"{""labels.fonte"":""ia-local"",""labels.categoria"":""AMD""}"
1787610126227-0,2026-08-24T22:22:06.225271804Z,,api,access,GET /analise/AMD::amd_report_20260824_222033.json/parecer,success,,,2000000,,,,code-with-quarkus-pride,0fe5a239566047b8814735316d341fc4,2a527afc2b964ca9,anonymous,anonymous,INFO,,,SPN HTTP access GET /analise/AMD::amd_report_20260824_222033.json/parecer status=200,"{""source.port"":""0""}"
1787610124685-0,2026-08-24T22:22:04.684672049Z,,api,access,GET /analise/AMD::amd_report_20260824_222033.json/parecer,success,,,8000000,,,,code-with-quarkus-pride,b8743e03b7f843f0939ff8d75bca1bed,3d3c9f11fe53420f,anonymous,anonymous,INFO,,,SPN HTTP access GET /analise/AMD::amd_report_20260824_222033.json/parecer status=200,"{""source.port"":""0""}"
1787610121336-0,2026-08-24T22:22:01.334890756Z,,api,access,GET /analise/AMD::amd_report_20260824_222033.json/prompt,success,,,21000000,,,,code-with-quarkus-pride,7cd849c8c3fe48bfb42017df5a3d1fea,c40c83736e1d4ffa,anonymous,anonymous,INFO,,,SPN HTTP access GET /analise/AMD::amd_report_20260824_222033.json/prompt status=200,"{""source.port"":""0""}"
1787610121332-0,2026-08-24T22:22:01.331330696Z,event,process,,relatorio.parecer.solicitado,unknown,analiseRelatorio,pride.relatorios,,,,,,,,,,,,,,"{""labels.fonte"":""ia-local"",""labels.categoria"":""AMD""}"
1787610120753-0,2026-08-24T22:22:00.752566073Z,,api,access,GET /home/fluxo,success,,,164000000,,,,code-with-quarkus-pride,4359c666eb6e474d9a4c112845c9a3cd,3e2eba74175d4b0d,anonymous,anonymous,INFO,,,SPN HTTP access GET /home/fluxo status=200,"{""source.port"":""0""}"
1787610120750-0,2026-08-24T22:22:00.678785542Z,,api,access,GET /home/kpis,success,,,87000000,,,,code-with-quarkus-pride,c4d3e73f01c4460580a9060dbf93e658,fd3999faa3904fd8,anonymous,anonymous,INFO,,,SPN HTTP access GET /home/kpis status=200,"{""source.port"":""0""}"
1787610120566-0,2026-08-24T22:22:00.564376235Z,,api,access,GET /home/situacao,success,,,1000000,,,,code-with-quarkus-pride,96d48b4044124401ac570c182522c727,69e4ed4b91bc4a5d,anonymous,anonymous,INFO,,,SPN HTTP access GET /home/situacao status=200,"{""source.port"":""0""}"
1787610116119-0,2026-08-24T22:21:56.118624079Z,,api,access,GET /modo,success,,,0,,,,code-with-quarkus-pride,49633de4ecec45fc85dea45ca29a22ad,c4a6bde27b2b44fe,anonymous,anonymous,INFO,,,SPN HTTP access GET /modo status=200,"{""source.port"":""0""}"
1787610115748-0,2026-08-24T22:21:55.746984794Z,,api,access,GET /analise/AMD::amd_report_20260824_222033.json,success,,,24000000,,,,code-with-quarkus-pride,a7d087540f1040248011ce738b187448,29f00f74828e4931,anonymous,anonymous,INFO,,,SPN HTTP access GET /analise/AMD::amd_report_20260824_222033.json status=200,"{""source.port"":""0""}"
1787610115739-0,2026-08-24T22:21:55.738204411Z,event,process,,relatorio.leitura.aberta,success,analiseRelatorio,pride.relatorios,,,,,,,,,,,,,,"{""labels.tem_parecer"":""false"",""labels.nivel_risco"":""CRITICO"",""labels.categoria"":""AMD"",""labels.fonte"":""ia-local"",""labels.total_falhas"":""110""}"
1787610106676-0,2026-08-24T22:21:46.675749232Z,,api,access,GET /modo,success,,,0,,,,code-with-quarkus-pride,6bc7d86f9c5c47f58f20731bd89c03ea,efc48d2319d94ec4,anonymous,anonymous,INFO,,,SPN HTTP access GET /modo status=200,"{""source.port"":""0""}"
1787610105925-0,2026-08-24T22:21:45.923747696Z,,api,access,GET /manifest.webmanifest,success,,,0,,,,code-with-quarkus-pride,7962b210a37e46118fbf758ab54b5004,6f55210ca16e4103,anonymous,anonymous,INFO,,,SPN HTTP access GET /manifest.webmanifest status=200,"{""source.port"":""0""}"
1787610105875-0,2026-08-24T22:21:45.874764148Z,,api,access,GET /analise,success,,,62000000,,,,code-with-quarkus-pride,24b9f7aa2e8f4be38900d5c05687c2c2,213c403392bc4869,anonymous,anonymous,INFO,,,SPN HTTP access GET /analise status=200,"{""source.port"":""0""}"
1787610103253-0,2026-08-24T22:21:43.252572562Z,,api,access,GET /modo,success,,,0,,,,code-with-quarkus-pride,f642f28039c542ff975d3e067a0eeac3,d47e875e5e7240dc,anonymous,anonymous,INFO,,,SPN HTTP access GET /modo status=200,"{""source.port"":""0""}"
1787610102893-0,2026-08-24T22:21:42.893004978Z,,api,access,GET /manifest.webmanifest,success,,,0,,,,code-with-quarkus-pride,7fc28f39b796496fbc620ebfa2656de6,90e275b1dcdd45c8,anonymous,anonymous,INFO,,,SPN HTTP access GET /manifest.webmanifest status=200,"{""source.port"":""0""}"
1787610102843-0,2026-08-24T22:21:42.842320765Z,,api,access,GET /comparar,success,,,3000000,,,,code-with-quarkus-pride,cd171fe90bb04e17b3179f0c006e698f,c89ef84a11f24a05,anonymous,anonymous,INFO,,,SPN HTTP access GET /comparar status=200,"{""source.port"":""0""}"
1787610077676-0,2026-08-24T22:21:17.673598477Z,,api,access,GET /modo,success,,,0,,,,code-with-quarkus-pride,de416e9628eb4dc1ad4dbdd364cd6eee,aa0b06fcae0b4b20,anonymous,anonymous,INFO,,,SPN HTTP access GET /modo status=200,"{""source.port"":""0""}"
1787610077137-0,2026-08-24T22:21:17.136394697Z,,api,access,GET /manifest.webmanifest,success,,,0,,,,code-with-quarkus-pride,c67074a254d44efc9ca561f6d8746cae,2d97b6735f4340ad,anonymous,anonymous,INFO,,,SPN HTTP access GET /manifest.webmanifest status=200,"{""source.port"":""0""}"
1787610077083-0,2026-08-24T22:21:17.081655130Z,,api,access,GET /comparar,success,,,13000000,,,,code-with-quarkus-pride,58a078da35b04de682d0d5452dc58eaa,4f6292dbf2304a3c,anonymous,anonymous,INFO,,,SPN HTTP access GET /comparar status=200,"{""source.port"":""0""}"
1787610060777-0,2026-08-24T22:21:00.776423412Z,,api,access,GET /home/fluxo,success,,,211000000,,,,code-with-quarkus-pride,a13b44e364d543a9884ee88a270e196e,801eb19d672743c5,anonymous,anonymous,INFO,,,SPN HTTP access GET /home/fluxo status=200,"{""source.port"":""0""}"
1787610060774-0,2026-08-24T22:21:00.696719218Z,,api,access,GET /home/kpis,success,,,115000000,,,,code-with-quarkus-pride,19d7c353a07c4487b328875b470f6d70,f587bd2126bc4004,anonymous,anonymous,INFO,,,SPN HTTP access GET /home/kpis status=200,"{""source.port"":""0""}"
1787610060645-0,2026-08-24T22:21:00.579057071Z,,api,access,GET /home/situacao,success,,,3000000,,,,code-with-quarkus-pride,e11c2fff8e9d4081a44c7db997026730,9a1df2b48c114764,anonymous,anonymous,INFO,,,SPN HTTP access GET /home/situacao status=200,"{""source.port"":""0""}"
1787610054337-0,2026-08-24T22:20:54.335717187Z,,api,access,GET /modo,success,,,0,,,,code-with-quarkus-pride,aaee0854a08345a885a8be5e84965591,cafe9f080bcd4d0c,anonymous,anonymous,INFO,,,SPN HTTP access GET /modo status=200,"{""source.port"":""0""}"
1787610053987-0,2026-08-24T22:20:53.986826926Z,,api,access,GET /manifest.webmanifest,success,,,0,,,,code-with-quarkus-pride,1b9411f2596d41e59ce20ee671ed6f70,85065057b5204606,anonymous,anonymous,INFO,,,SPN HTTP access GET /manifest.webmanifest status=200,"{""source.port"":""0""}"
1787610053916-0,2026-08-24T22:20:53.913777855Z,,api,access,GET /scan/logs/amd_report_20260824_222033.json,success,,,5000000,,,,code-with-quarkus-pride,ceac23061fe245089cefa16151a89408,e332ca7dcf2f4f81,anonymous,anonymous,INFO,,,SPN HTTP access GET /scan/logs/amd_report_20260824_222033.json status=200,"{""source.port"":""0""}"
1787610034486-0,2026-08-24T22:20:34.484900931Z,,api,access,GET /modo,success,,,0,,,,code-with-quarkus-pride,e36038aedcea4b40af902f532133edd9,b1277e96a3714b7e,anonymous,anonymous,INFO,,,SPN HTTP access GET /modo status=200,"{""source.port"":""0""}"
1787610034125-0,2026-08-24T22:20:34.123027575Z,,api,access,GET /manifest.webmanifest,success,,,0,,,,code-with-quarkus-pride,2f6a24d3cd874a48bee40eb16ca33126,13e0c885beec4134,anonymous,anonymous,INFO,,,SPN HTTP access GET /manifest.webmanifest status=200,"{""source.port"":""0""}"
1787610034074-0,2026-08-24T22:20:34.073602264Z,,api,access,GET /scan/resultado/amd_report_20260824_222033.json,success,,,4000000,,,,code-with-quarkus-pride,695cd5332c2241bfa58c9564bde8cba1,df8d76025f004286,anonymous,anonymous,INFO,,,SPN HTTP access GET /scan/resultado/amd_report_20260824_222033.json status=200,"{""source.port"":""0""}"
1787610033953-0,2026-08-24T22:20:33.953080147Z,,api,access,GET /ia-local/health,success,,,3006000000,,,,code-with-quarkus-pride,bf47c0893ddd43c28048f20c202b827f,018b773e3fc348e2,anonymous,anonymous,INFO,,,SPN HTTP access GET /ia-local/health status=200,"{""source.port"":""0""}"
1787610033537-0,2026-08-24T22:20:33.535900907Z,event,process,,scan.varredura.concluida,success,analiseLocal,pride.scan,,,,,,,,,,,,,,"{""labels.cap_atingido"":""false"",""labels.arquivos_ignorados"":""0"",""labels.achados"":""110"",""labels.caminhos_inacessiveis"":""0"",""labels.motor"":""scan_ia_amd"",""labels.projeto"":""redigido"",""labels.arquivos_analisados"":""50"",""labels.arquivos_com_erro"":""0""}"
1787610033500-0,2026-08-24T22:20:33.497286180Z,,api,access,POST /ia-local/executar-assincrono,success,,,1000000,,,,code-with-quarkus-pride,38f49b50167248358e6cd8ef81c0565c,7cff514b607a4c75,anonymous,anonymous,INFO,,,SPN HTTP access POST /ia-local/executar-assincrono status=200,"{""source.port"":""0""}"
1787610032734-0,2026-08-24T22:20:32.733417828Z,,api,access,GET /ia-local/gpu,success,,,0,,,,code-with-quarkus-pride,12dcb17bbfc84ba4b11f363470a9f30d,fd6d23cc83e64dce,anonymous,anonymous,INFO,,,SPN HTTP access GET /ia-local/gpu status=200,"{""source.port"":""0""}"
1787610031814-0,2026-08-24T22:20:31.813116641Z,,api,access,POST /scan/upload,success,,,433000000,,,,code-with-quarkus-pride,ca0d8abed3544e289940068026d4bec6,5edfd12632b240aa,anonymous,anonymous,INFO,,,SPN HTTP access POST /scan/upload status=200,"{""source.port"":""0""}"
1787610030446-0,2026-08-24T22:20:30.443665365Z,,api,access,GET /ia-local/gpu,success,,,1000000,,,,code-with-quarkus-pride,658efc35867b4f41ade3a5fd28c416c0,630005449fa5445a,anonymous,anonymous,INFO,,,SPN HTTP access GET /ia-local/gpu status=200,"{""source.port"":""0""}"
1787610028137-0,2026-08-24T22:20:28.137122887Z,,api,access,GET /ia-local/gpu,success,,,0,,,,code-with-quarkus-pride,725156b1a55e46f6aae421bc34b917e7,5f661469f93d46b3,anonymous,anonymous,INFO,,,SPN HTTP access GET /ia-local/gpu status=200,"{""source.port"":""0""}"
1787610025855-0,2026-08-24T22:20:25.854684376Z,,api,access,GET /ia-local/gpu,success,,,0,,,,code-with-quarkus-pride,12dfa8d170654a609a4e2eb49a50adea,48a3633181a04bce,anonymous,anonymous,INFO,,,SPN HTTP access GET /ia-local/gpu status=200,"{""source.port"":""0""}"
1787610023562-0,2026-08-24T22:20:23.560812628Z,,api,access,GET /ia-local/gpu,success,,,0,,,,code-with-quarkus-pride,9ac5faf003f147d2a76d500088254081,39ba08ff66ce4d67,anonymous,anonymous,INFO,,,SPN HTTP access GET /ia-local/gpu status=200,"{""source.port"":""0""}"
1787610021257-0,2026-08-24T22:20:21.256314945Z,,api,access,GET /ia-local/gpu,success,,,0,,,,code-with-quarkus-pride,9e88aed6156f434fb4e3a7c3744413af,5298092534f84d74,anonymous,anonymous,INFO,,,SPN HTTP access GET /ia-local/gpu status=200,"{""source.port"":""0""}"
1787610020658-0,2026-08-24T22:20:20.656669710Z,,api,access,GET /ia-local/health,success,,,3006000000,,,,code-with-quarkus-pride,474a725f564545c18766ab101aba079e,96cbb793559849ee,anonymous,anonymous,INFO,,,SPN HTTP access GET /ia-local/health status=200,"{""source.port"":""0""}"
1787610018951-0,2026-08-24T22:20:18.950145635Z,,api,access,GET /ia-local/gpu,success,,,0,,,,code-with-quarkus-pride,b80104b25ae84771976b7189baa7a829,9b1dd3300ce143c3,anonymous,anonymous,INFO,,,SPN HTTP access GET /ia-local/gpu status=200,"{""source.port"":""0""}"
1787610016597-0,2026-08-24T22:20:16.594598155Z,,api,access,GET /ia-local/gpu,success,,,0,,,,code-with-quarkus-pride,55f9981bbfbd4b10b6c09573b1f5976e,287b1f3516f8465b,anonymous,anonymous,INFO,,,SPN HTTP access GET /ia-local/gpu status=200,"{""source.port"":""0""}"
1787610014288-0,2026-08-24T22:20:14.286794334Z,,api,access,GET /ia-local/gpu,success,,,0,,,,code-with-quarkus-pride,e20f3908399841d797dbbf9d5be6cdbc,94b7806b930f47e1,anonymous,anonymous,INFO,,,SPN HTTP access GET /ia-local/gpu status=200,"{""source.port"":""0""}"
1787610011949-0,2026-08-24T22:20:11.948246369Z,,api,access,GET /ia-local/gpu,success,,,0,,,,code-with-quarkus-pride,df4edb62728e431bad6b56c1a98b7a40,1f926dfec7c24698,anonymous,anonymous,INFO,,,SPN HTTP access GET /ia-local/gpu status=200,"{""source.port"":""0""}"
1787610009652-0,2026-08-24T22:20:09.650319141Z,,api,access,GET /ia-local/gpu,success,,,0,,,,code-with-quarkus-pride,bdb60948f30744f59cad1195ecb50112,2c87681900214da7,anonymous,anonymous,INFO,,,SPN HTTP access GET /ia-local/gpu status=200,"{""source.port"":""0""}"
1787610007675-0,2026-08-24T22:20:07.674528214Z,,api,access,GET /modo,success,,,0,,,,code-with-quarkus-pride,9f7857a5bc4a431c8cbd4856cdbf4ace,e93d1233efd44653,anonymous,anonymous,INFO,,,SPN HTTP access GET /modo status=200,"{""source.port"":""0""}"
1787610007231-0,2026-08-24T22:20:07.229556966Z,,api,access,GET /ia-local/gpu,success,,,0,,,,code-with-quarkus-pride,3d82d17ff6e2432d8618e947e0791d09,86994459a5424611,anonymous,anonymous,INFO,,,SPN HTTP access GET /ia-local/gpu status=200,"{""source.port"":""0""}"
1787610007149-0,2026-08-24T22:20:07.147123691Z,,api,access,GET /manifest.webmanifest,success,,,0,,,,code-with-quarkus-pride,1e0bf51bc31241749591675e1089ea21,a231349c6c2242f6,anonymous,anonymous,INFO,,,SPN HTTP access GET /manifest.webmanifest status=200,"{""source.port"":""0""}"
1787610007091-0,2026-08-24T22:20:07.087707029Z,,api,access,GET /ia-local,success,,,3028000000,,,,code-with-quarkus-pride,3bbb2511d1d740d8845f715ab941d16c,7f258269608a48c7,anonymous,anonymous,INFO,,,SPN HTTP access GET /ia-local status=200,"{""source.port"":""0""}"
1787610004925-0,2026-08-24T22:20:04.922905239Z,,api,access,GET /ia-local/gpu,success,,,0,,,,code-with-quarkus-pride,0679b8e07abc4c97bf8dcd0da1cf20b2,ddca1c6498e04a60,anonymous,anonymous,INFO,,,SPN HTTP access GET /ia-local/gpu status=200,"{""source.port"":""0""}"
1787610002578-0,2026-08-24T22:20:02.571823131Z,,api,access,GET /ia-local/gpu,success,,,0,,,,code-with-quarkus-pride,ba8d0e304b0449df8a526a6eb0c281b6,76876f2f0df14525,anonymous,anonymous,INFO,,,SPN HTTP access GET /ia-local/gpu status=200,"{""source.port"":""0""}"
1787610002568-1,2026-08-24T22:20:02.547267341Z,,api,access,POST /ia-local/salvar-parecer/amd_report_20260824_221935.json,success,,,108000000,,,,code-with-quarkus-pride,6943263f3204450898272fa7dd6f69d9,0614f3e6c61f4691,anonymous,anonymous,INFO,,,SPN HTTP access POST /ia-local/salvar-parecer/amd_report_20260824_221935.json status=200,"{""source.port"":""0""}"
1787610002568-0,2026-08-24T22:20:02.546811460Z,event,process,,ia_local.parecer.gerado,success,analiseLlmLocal,pride.ia_local,,,,,,,,,,,,,,"{""labels.origem"":""cliente"",""labels.hardware"":""amd"",""labels.modelo"":""qwen2.5-7b-instruct-uncensored"",""labels.duracao_ms"":""26107""}"
1787610000828-1,2026-08-24T22:20:00.823568499Z,,api,access,GET /home/fluxo,success,,,239000000,,,,code-with-quarkus-pride,20fda804b1494bcbb008f873ffaebb3f,f4703b4e42a9495c,anonymous,anonymous,INFO,,,SPN HTTP access GET /home/fluxo status=200,"{""source.port"":""0""}"
1787610000828-0,2026-08-24T22:20:00.820897224Z,,api,access,GET /home/kpis,success,,,234000000,,,,code-with-quarkus-pride,ee6c7ed577f643459b8b1f15a89892e8,870d94227b8d44d1,anonymous,anonymous,INFO,,,SPN HTTP access GET /home/kpis status=200,"{""source.port"":""0""}"
1787610000569-0,2026-08-24T22:20:00.566022481Z,,api,access,GET /home/situacao,success,,,4000000,,,,code-with-quarkus-pride,b155d17cf28048c983b02af3d2ba4652,114e03b155b84e04,anonymous,anonymous,INFO,,,SPN HTTP access GET /home/situacao status=200,"{""source.port"":""0""}"
1787610000241-0,2026-08-24T22:20:00.239688859Z,,api,access,GET /ia-local/gpu,success,,,0,,,,code-with-quarkus-pride,c177f95ff7c543efa18a4aac80a2f1a6,1d6eab994581486c,anonymous,anonymous,INFO,,,SPN HTTP access GET /ia-local/gpu status=200,"{""source.port"":""0""}"
1787609997961-0,2026-08-24T22:19:57.960301069Z,,api,access,GET /ia-local/gpu,success,,,0,,,,code-with-quarkus-pride,eb410dead581461286dc8b789657be01,18226fea0d7344de,anonymous,anonymous,INFO,,,SPN HTTP access GET /ia-local/gpu status=200,"{""source.port"":""0""}"
1787609995668-0,2026-08-24T22:19:55.666909210Z,,api,access,GET /ia-local/gpu,success,,,0,,,,code-with-quarkus-pride,432c1c01e5c64979812fde1d536ecca1,7ca659d072c44dcd,anonymous,anonymous,INFO,,,SPN HTTP access GET /ia-local/gpu status=200,"{""source.port"":""0""}"
1787609994179-0,2026-08-24T22:19:54.178273325Z,,api,access,GET /ia-local/health,success,,,3005000000,,,,code-with-quarkus-pride,393fb2cffe814d47822f5c20318ea1a3,2fff823e12e9449d,anonymous,anonymous,INFO,,,SPN HTTP access GET /ia-local/health status=200,"{""source.port"":""0""}"
1787609993401-0,2026-08-24T22:19:53.399351432Z,,api,access,GET /ia-local/gpu,success,,,0,,,,code-with-quarkus-pride,4276eade16ad479d88a4b1caba35b684,6b03f959ec744268,anonymous,anonymous,INFO,,,SPN HTTP access GET /ia-local/gpu status=200,"{""source.port"":""0""}"
1787609991106-0,2026-08-24T22:19:51.104622537Z,,api,access,GET /ia-local/gpu,success,,,1000000,,,,code-with-quarkus-pride,67e0ba141b7044da8100bb9591617348,e0d1f15babf54c81,anonymous,anonymous,INFO,,,SPN HTTP access GET /ia-local/gpu status=200,"{""source.port"":""0""}"
1787609988808-0,2026-08-24T22:19:48.807361688Z,,api,access,GET /ia-local/gpu,success,,,0,,,,code-with-quarkus-pride,46636dfd9f024567bdb7a6d2195aef9e,414e8730ce8d421f,anonymous,anonymous,INFO,,,SPN HTTP access GET /ia-local/gpu status=200,"{""source.port"":""0""}"
1787609986483-0,2026-08-24T22:19:46.482482161Z,,api,access,GET /ia-local/gpu,success,,,0,,,,code-with-quarkus-pride,aa7d7a2a2ada43849289490069c7e872,2cbba1614d9c40ce,anonymous,anonymous,INFO,,,SPN HTTP access GET /ia-local/gpu status=200,"{""source.port"":""0""}"
1787609984197-0,2026-08-24T22:19:44.196249319Z,,api,access,GET /ia-local/gpu,success,,,0,,,,code-with-quarkus-pride,18d2338c4cd341d1acf59e5826a2a31f,04db24fa55cd41ee,anonymous,anonymous,INFO,,,SPN HTTP access GET /ia-local/gpu status=200,"{""source.port"":""0""}"
1787609981895-0,2026-08-24T22:19:41.892196599Z,,api,access,GET /ia-local/gpu,success,,,0,,,,code-with-quarkus-pride,82b701b7c33e40a7ae57b145fb0ef75a,47df8b6dd3164d8f,anonymous,anonymous,INFO,,,SPN HTTP access GET /ia-local/gpu status=200,"{""source.port"":""0""}"
1787609980874-0,2026-08-24T22:19:40.873131407Z,,api,access,GET /ia-local/health,success,,,3004000000,,,,code-with-quarkus-pride,58ef15fb34ec4025a1779a45e2756eab,5b809208c3a94194,anonymous,anonymous,INFO,,,SPN HTTP access GET /ia-local/health status=200,"{""source.port"":""0""}"
1787609979597-0,2026-08-24T22:19:39.596934844Z,,api,access,GET /ia-local/gpu,success,,,0,,,,code-with-quarkus-pride,5e3cf4b0081f4b0098f08b937b0c3c94,98760438ff7647fb,anonymous,anonymous,INFO,,,SPN HTTP access GET /ia-local/gpu status=200,"{""source.port"":""0""}"
1787609977285-0,2026-08-24T22:19:37.284669879Z,,api,access,GET /ia-local/gpu,success,,,0,,,,code-with-quarkus-pride,08787ffef490496f8fcfcb04da24cace,16c33010906645f5,anonymous,anonymous,INFO,,,SPN HTTP access GET /ia-local/gpu status=200,"{""source.port"":""0""}"
1787609976345-0,2026-08-24T22:19:36.343527541Z,,api,access,GET /ia-local/prompt/amd_report_20260824_221935.json,success,,,12000000,,,,code-with-quarkus-pride,00a435ab094c4c0bacbab0310cd0c095,3d2255cf16ae4140,anonymous,anonymous,INFO,,,SPN HTTP access GET /ia-local/prompt/amd_report_20260824_221935.json status=200,"{""source.port"":""0""}"
1787609976305-0,2026-08-24T22:19:36.304218768Z,,api,access,GET /scan/logs/sistema/json/772d90b5086c409ab66121144d816e54,failure,,,0,,,,code-with-quarkus-pride,ac5d8265713840db984a63621c6307a2,1d2959d1d5824ba6,anonymous,anonymous,INFO,,,SPN HTTP access GET /scan/logs/sistema/json/772d90b5086c409ab66121144d816e54 status=404,"{""source.port"":""0""}"
1787609976043-0,2026-08-24T22:19:36.042330153Z,,api,access,GET /ia-local/status/772d90b5086c409ab66121144d816e54,success,,,0,,,,code-with-quarkus-pride,436fbb58d681417290aa3e3bc33d51af,9b05e3db6f694dc3,anonymous,anonymous,INFO,,,SPN HTTP access GET /ia-local/status/772d90b5086c409ab66121144d816e54 status=200,"{""source.port"":""0""}"
1787609975879-0,2026-08-24T22:19:35.876969490Z,event,process,,scan.varredura.concluida,success,analiseLocal,pride.scan,,,,,,,,,,,,,,"{""labels.cap_atingido"":""false"",""labels.arquivos_ignorados"":""0"",""labels.achados"":""110"",""labels.caminhos_inacessiveis"":""0"",""labels.motor"":""scan_ia_amd"",""labels.projeto"":""redigido"",""labels.arquivos_analisados"":""50"",""labels.arquivos_com_erro"":""0""}"
1787609975736-0,2026-08-24T22:19:35.734465004Z,,api,access,POST /ia-local/executar-assincrono,success,,,2000000,,,,code-with-quarkus-pride,40e854d756a6434592d62fb8323b1155,3b52f693548a450d,anonymous,anonymous,INFO,,,SPN HTTP access POST /ia-local/executar-assincrono status=200,"{""source.port"":""0""}"
1787609974971-0,2026-08-24T22:19:34.970131324Z,,api,access,GET /ia-local/gpu,success,,,0,,,,code-with-quarkus-pride,b39d27a4bc5441aa84f07ef29fa50f5e,890ef448fa3b4841,anonymous,anonymous,INFO,,,SPN HTTP access GET /ia-local/gpu status=200,"{""source.port"":""0""}"
1787609972730-0,2026-08-24T22:19:32.729345740Z,,api,access,POST /scan/upload,success,,,591000000,,,,code-with-quarkus-pride,60dbaa2deb9e48fb80b3862fefb0b3e3,fff4513ea7954946,anonymous,anonymous,INFO,,,SPN HTTP access POST /scan/upload status=200,"{""source.port"":""0""}"
1787609972669-0,2026-08-24T22:19:32.668228311Z,,api,access,GET /ia-local/gpu,success,,,0,,,,code-with-quarkus-pride,f12b3fa04d8a4a689e44d06f1af40986,822dc99da9b54145,anonymous,anonymous,INFO,,,SPN HTTP access GET /ia-local/gpu status=200,"{""source.port"":""0""}"
1787609970398-0,2026-08-24T22:19:30.396600889Z,,api,access,GET /ia-local/gpu,success,,,0,,,,code-with-quarkus-pride,8331fecf85224c9db93434d488fce818,8f63dcbe2bb64593,anonymous,anonymous,INFO,,,SPN HTTP access GET /ia-local/gpu status=200,"{""source.port"":""0""}"
1787609968116-0,2026-08-24T22:19:28.115473397Z,,api,access,GET /ia-local/gpu,success,,,0,,,,code-with-quarkus-pride,e416411bdf6a46f5857b89e03aedfc1b,36418354507241a7,anonymous,anonymous,INFO,,,SPN HTTP access GET /ia-local/gpu status=200,"{""source.port"":""0""}"
1787609967585-0,2026-08-24T22:19:27.584394465Z,,api,access,GET /ia-local/health,success,,,3005000000,,,,code-with-quarkus-pride,cb7680094dfa494a848b9159835519e1,5d284587dc854cad,anonymous,anonymous,INFO,,,SPN HTTP access GET /ia-local/health status=200,"{""source.port"":""0""}"
1787609965774-0,2026-08-24T22:19:25.773222058Z,,api,access,GET /ia-local/gpu,success,,,0,,,,code-with-quarkus-pride,6a031abf6dba488fb90682a4f2d99ffe,447a8cabe89b425b,anonymous,anonymous,INFO,,,SPN HTTP access GET /ia-local/gpu status=200,"{""source.port"":""0""}"
1787609963483-0,2026-08-24T22:19:23.482886082Z,,api,access,GET /ia-local/gpu,success,,,0,,,,code-with-quarkus-pride,7b6097a221ca446b869ff4bf76610d1d,a2e6da8951a349f9,anonymous,anonymous,INFO,,,SPN HTTP access GET /ia-local/gpu status=200,"{""source.port"":""0""}"
1787609961176-0,2026-08-24T22:19:21.174992334Z,,api,access,GET /ia-local/gpu,success,,,0,,,,code-with-quarkus-pride,a1608bc905a549139c5a5b4fa497529f,9b27202b1857437f,anonymous,anonymous,INFO,,,SPN HTTP access GET /ia-local/gpu status=200,"{""source.port"":""0""}"
1787609958869-0,2026-08-24T22:19:18.868366258Z,,api,access,GET /ia-local/gpu,success,,,0,,,,code-with-quarkus-pride,204f09eb1a4c452e8ec9dae0bca275b3,7a205a5103784715,anonymous,anonymous,INFO,,,SPN HTTP access GET /ia-local/gpu status=200,"{""source.port"":""0""}"
1787609956564-0,2026-08-24T22:19:16.563064061Z,,api,access,GET /ia-local/gpu,success,,,0,,,,code-with-quarkus-pride,6cfb28791be24f6a8acffafb547f38f4,97f834c2b8004504,anonymous,anonymous,INFO,,,SPN HTTP access GET /ia-local/gpu status=200,"{""source.port"":""0""}"
1787609954610-0,2026-08-24T22:19:14.609621812Z,,api,access,GET /modo,success,,,0,,,,code-with-quarkus-pride,cc6dbc811df04e0b882179f705e1e6c2,ec7e9ed417b5477c,anonymous,anonymous,INFO,,,SPN HTTP access GET /modo status=200,"{""source.port"":""0""}"
1787609954152-0,2026-08-24T22:19:14.150265565Z,,api,access,GET /manifest.webmanifest,success,,,0,,,,code-with-quarkus-pride,9289fd8fccd04db5b8a1f10da5d31362,4e20f223ca454e44,anonymous,anonymous,INFO,,,SPN HTTP access GET /manifest.webmanifest status=200,"{""source.port"":""0""}"
1787609954095-0,2026-08-24T22:19:14.094661505Z,,api,access,GET /ia-local,success,,,3020000000,,,,code-with-quarkus-pride,ac4733f1488c4e00948ec2c32d7375bc,c4dc3a55a0894917,anonymous,anonymous,INFO,,,SPN HTTP access GET /ia-local status=200,"{""source.port"":""0""}"
1787609952178-0,2026-08-24T22:19:12.175964733Z,,api,access,GET /ia-local/gpu,success,,,0,,,,code-with-quarkus-pride,9c5b263ca8ae42edb043348878264e1d,50dc6556f64d409c,anonymous,anonymous,INFO,,,SPN HTTP access GET /ia-local/gpu status=200,"{""source.port"":""0""}"
1787609949898-0,2026-08-24T22:19:09.896490099Z,,api,access,GET /ia-local/gpu,success,,,0,,,,code-with-quarkus-pride,61569f6a3d27432390a208a071e27c61,76f763200b174589,anonymous,anonymous,INFO,,,SPN HTTP access GET /ia-local/gpu status=200,"{""source.port"":""0""}"
1787609947605-0,2026-08-24T22:19:07.604624828Z,,api,access,GET /ia-local/gpu,success,,,0,,,,code-with-quarkus-pride,23f10971615441f49d2a7261aba35e5d,727e167814e74276,anonymous,anonymous,INFO,,,SPN HTTP access GET /ia-local/gpu status=200,"{""source.port"":""0""}"
1787609945282-0,2026-08-24T22:19:05.278930745Z,,api,access,GET /ia-local/gpu,success,,,0,,,,code-with-quarkus-pride,527882e8bb9e4b9ebd30b4654170facd,1e3cf1b6921e4b0f,anonymous,anonymous,INFO,,,SPN HTTP access GET /ia-local/gpu status=200,"{""source.port"":""0""}"
1787609944221-0,2026-08-24T22:19:04.220306184Z,,api,access,GET /ia-local/health,success,,,3008000000,,,,code-with-quarkus-pride,1eafb8ee0f9b487fac1e93f21845e208,8d8f5fc42b484c71,anonymous,anonymous,INFO,,,SPN HTTP access GET /ia-local/health status=200,"{""source.port"":""0""}"
1787609942976-0,2026-08-24T22:19:02.969490754Z,,api,access,GET /ia-local/gpu,success,,,0,,,,code-with-quarkus-pride,11f35f3a723441ff98a049df76b4dd9a,94500fa14bd24e53,anonymous,anonymous,INFO,,,SPN HTTP access GET /ia-local/gpu status=200,"{""source.port"":""0""}"
1787609940695-0,2026-08-24T22:19:00.692208125Z,,api,access,GET /ia-local/gpu,success,,,0,,,,code-with-quarkus-pride,745f972099a54dbfafede9c5b1a0ff3c,76032e42f51b403c,anonymous,anonymous,INFO,,,SPN HTTP access GET /ia-local/gpu status=200,"{""source.port"":""0""}"
1787609940673-0,2026-08-24T22:19:00.671957591Z,,api,access,GET /home/fluxo,success,,,100000000,,,,code-with-quarkus-pride,48f6b7fc7448449f9378eb84e7080556,0ef68625872f4508,anonymous,anonymous,INFO,,,SPN HTTP access GET /home/fluxo status=200,"{""source.port"":""0""}"
1787609940669-0,2026-08-24T22:19:00.653663234Z,,api,access,GET /home/situacao,success,,,0,,,,code-with-quarkus-pride,d42e3df571b34ad0a8391a86de8bf383,e7fad624aba94247,anonymous,anonymous,INFO,,,SPN HTTP access GET /home/situacao status=200,"{""source.port"":""0""}"
1787609940668-0,2026-08-24T22:19:00.664394275Z,,api,access,GET /home/kpis,success,,,11000000,,,,code-with-quarkus-pride,e4ea181f943048fea8962b96eb333e54,0a6eca59e7b44398,anonymous,anonymous,INFO,,,SPN HTTP access GET /home/kpis status=200,"{""source.port"":""0""}"
1787609938386-0,2026-08-24T22:18:58.385354456Z,,api,access,GET /ia-local/gpu,success,,,0,,,,code-with-quarkus-pride,fe33e50330d0418fba52b07ca008df33,b517aa403297423b,anonymous,anonymous,INFO,,,SPN HTTP access GET /ia-local/gpu status=200,"{""source.port"":""0""}"
1787609936084-0,2026-08-24T22:18:56.081892918Z,,api,access,GET /ia-local/gpu,success,,,0,,,,code-with-quarkus-pride,0329ca43d22c48afa3e8195bb966a8a7,494ef8c864db4e2a,anonymous,anonymous,INFO,,,SPN HTTP access GET /ia-local/gpu status=200,"{""source.port"":""0""}"
1787609933786-0,2026-08-24T22:18:53.784882715Z,,api,access,GET /ia-local/gpu,success,,,0,,,,code-with-quarkus-pride,e0208162a928457383e557134404bec5,ceaf8a7f3bd74d86,anonymous,anonymous,INFO,,,SPN HTTP access GET /ia-local/gpu status=200,"{""source.port"":""0""}"
1787609931496-0,2026-08-24T22:18:51.495793272Z,,api,access,GET /ia-local/gpu,success,,,0,,,,code-with-quarkus-pride,29e33429a0d44794bb94b05af0c730b7,6e770882e6774482,anonymous,anonymous,INFO,,,SPN HTTP access GET /ia-local/gpu status=200,"{""source.port"":""0""}"
1787609930939-0,2026-08-24T22:18:50.938512963Z,,api,access,GET /ia-local/health,success,,,3005000000,,,,code-with-quarkus-pride,1fb90b8f3b6943b99917d35ec0cd99b4,359c960c19cb4212,anonymous,anonymous,INFO,,,SPN HTTP access GET /ia-local/health status=200,"{""source.port"":""0""}"
1787609929164-0,2026-08-24T22:18:49.162042904Z,,api,access,GET /ia-local/gpu,success,,,0,,,,code-with-quarkus-pride,29fff90fbf734fba92643e5486138477,d2dfd063fec243a4,anonymous,anonymous,INFO,,,SPN HTTP access GET /ia-local/gpu status=200,"{""source.port"":""0""}"
1787609926873-0,2026-08-24T22:18:46.871969934Z,,api,access,GET /ia-local/gpu,success,,,0,,,,code-with-quarkus-pride,cdb47558636549b9bb32f55b28306f78,98dca61a18c14908,anonymous,anonymous,INFO,,,SPN HTTP access GET /ia-local/gpu status=200,"{""source.port"":""0""}"
1787609924554-0,2026-08-24T22:18:44.551363155Z,,api,access,GET /ia-local/gpu,success,,,0,,,,code-with-quarkus-pride,85a074d7b94e4228a5c0af4d1086af03,e3cd280068584889,anonymous,anonymous,INFO,,,SPN HTTP access GET /ia-local/gpu status=200,"{""source.port"":""0""}"
1787609922268-0,2026-08-24T22:18:42.266786717Z,,api,access,GET /ia-local/gpu,success,,,0,,,,code-with-quarkus-pride,791f8aaf834e47958cd96df7f0e3e0c9,c53e5fa8658242a7,anonymous,anonymous,INFO,,,SPN HTTP access GET /ia-local/gpu status=200,"{""source.port"":""0""}"
1787609919954-0,2026-08-24T22:18:39.953556816Z,,api,access,GET /ia-local/gpu,success,,,0,,,,code-with-quarkus-pride,a97e0339d8a845d4b1fffd5acf94c6c2,d8c9b0f09f584f08,anonymous,anonymous,INFO,,,SPN HTTP access GET /ia-local/gpu status=200,"{""source.port"":""0""}"
1787609917956-0,2026-08-24T22:18:37.954612247Z,,api,access,GET /modo,success,,,0,,,,code-with-quarkus-pride,fe9833ac5b8744f882f1b7d376941c52,ba1da940b7f6450c,anonymous,anonymous,INFO,,,SPN HTTP access GET /modo status=200,"{""source.port"":""0""}"
1787609917619-0,2026-08-24T22:18:37.617083269Z,,api,access,GET /manifest.webmanifest,success,,,0,,,,code-with-quarkus-pride,a43c7ca68bf9436eb478018708674e30,f68e5093167f4949,anonymous,anonymous,INFO,,,SPN HTTP access GET /manifest.webmanifest status=200,"{""source.port"":""0""}"
1787609917325-0,2026-08-24T22:18:37.324280108Z,,api,access,GET /ia-local,success,,,3194000000,,,,code-with-quarkus-pride,90f7f36aa3374d509ce3757235aea436,43894b9b783b4b5e,anonymous,anonymous,INFO,,,SPN HTTP access GET /ia-local status=200,"{""source.port"":""0""}"
1787609888168-0,2026-08-24T22:18:08.167263253Z,,api,access,POST /scan/logs/report_20260824_221721.json/abrir-falha,failure,,,4000000,,,,code-with-quarkus-pride,06d16237f9d741adb3cdbe37ecfa4b7b,ca3f2919947b4364,anonymous,anonymous,INFO,,,SPN HTTP access POST /scan/logs/report_20260824_221721.json/abrir-falha status=400,"{""source.port"":""0""}"
1787609883916-0,2026-08-24T22:18:03.915157657Z,,api,access,GET /modo,success,,,0,,,,code-with-quarkus-pride,4aa02af38bf449a297062c2e99541c55,870da849e212489b,anonymous,anonymous,INFO,,,SPN HTTP access GET /modo status=200,"{""source.port"":""0""}"
1787609883282-0,2026-08-24T22:18:03.278495061Z,,api,access,GET /manifest.webmanifest,success,,,0,,,,code-with-quarkus-pride,48c0a4e8213348038383413354a4fcf0,8a775eeb69534168,anonymous,anonymous,INFO,,,SPN HTTP access GET /manifest.webmanifest status=200,"{""source.port"":""0""}"
1787609883213-0,2026-08-24T22:18:03.204533744Z,,api,access,GET /scan/logs/report_20260824_221721.json,success,,,83000000,,,,code-with-quarkus-pride,141353c1a52248798150434461853c06,bebe83306e234b5d,anonymous,anonymous,INFO,,,SPN HTTP access GET /scan/logs/report_20260824_221721.json status=200,"{""source.port"":""0""}"
1787609881389-0,2026-08-24T22:18:01.378808276Z,,api,access,GET /modo,success,,,0,,,,code-with-quarkus-pride,a732a4036bed44c4b233f182af4ae41a,bfe75a9be84647cc,anonymous,anonymous,INFO,,,SPN HTTP access GET /modo status=200,"{""source.port"":""0""}"
1787609880935-0,2026-08-24T22:18:00.922411929Z,,api,access,GET /manifest.webmanifest,success,,,0,,,,code-with-quarkus-pride,52214fd68fe8450f8b55eebe30930f23,42a71e69c4174b1f,anonymous,anonymous,INFO,,,SPN HTTP access GET /manifest.webmanifest status=200,"{""source.port"":""0""}"
1787609880862-0,2026-08-24T22:18:00.845956298Z,,api,access,GET /scan/resultado/report_20260824_221721.json,success,,,18000000,,,,code-with-quarkus-pride,72a81dc7a96b4cf89273a4c58b11c50c,dc289f9aaf414d50,anonymous,anonymous,INFO,,,SPN HTTP access GET /scan/resultado/report_20260824_221721.json status=200,"{""source.port"":""0""}"
1787609880748-0,2026-08-24T22:18:00.746771997Z,,api,access,GET /home/fluxo,success,,,153000000,,,,code-with-quarkus-pride,1b3ae7074d034b4b8962f3295c41a979,4f52130cef2d4330,anonymous,anonymous,INFO,,,SPN HTTP access GET /home/fluxo status=200,"{""source.port"":""0""}"
1787609880746-0,2026-08-24T22:18:00.717948Z,,api,access,GET /home/kpis,success,,,121000000,,,,code-with-quarkus-pride,9ef60b4423b44d7dab13f5cff2be3e29,cc9ba7da14194fb8,anonymous,anonymous,INFO,,,SPN HTTP access GET /home/kpis status=200,"{""source.port"":""0""}"
1787609880604-0,2026-08-24T22:18:00.583319703Z,,api,access,GET /home/situacao,success,,,11000000,,,,code-with-quarkus-pride,e485c8fa119f484aaaec49aeca1b8f7d,06f14835bdc84029,anonymous,anonymous,INFO,,,SPN HTTP access GET /home/situacao status=200,"{""source.port"":""0""}"
1787609843870-0,2026-08-24T22:17:23.869063606Z,,api,access,GET /modo,success,,,0,,,,code-with-quarkus-pride,1be3b589cd554656a0bb10071b108cfb,6d9772e95c664983,anonymous,anonymous,INFO,,,SPN HTTP access GET /modo status=200,"{""source.port"":""0""}"
1787609843311-0,2026-08-24T22:17:23.309104628Z,,api,access,GET /manifest.webmanifest,success,,,0,,,,code-with-quarkus-pride,fc38f71e85924fa2b14d6dfa87ba5fc7,040fe913eb3744e3,anonymous,anonymous,INFO,,,SPN HTTP access GET /manifest.webmanifest status=200,"{""source.port"":""0""}"
1787609842983-0,2026-08-24T22:17:22.981900466Z,,api,access,GET /scan/resultado/report_20260824_221721.json,success,,,18000000,,,,code-with-quarkus-pride,4e833c8ad6a44420b25cffd84f6132ec,66d6062b47294677,anonymous,anonymous,INFO,,,SPN HTTP access GET /scan/resultado/report_20260824_221721.json status=200,"{""source.port"":""0""}"
1787609841602-0,2026-08-24T22:17:21.598775540Z,event,process,,scan.varredura.concluida,success,analiseLocal,pride.scan,,,,,,,,,,,,,,"{""labels.cap_atingido"":""false"",""labels.arquivos_ignorados"":""0"",""labels.achados"":""110"",""labels.caminhos_inacessiveis"":""0"",""labels.motor"":""scan_projeto_classico"",""labels.projeto"":""redigido"",""labels.arquivos_analisados"":""50"",""labels.arquivos_com_erro"":""0""}"
1787609841161-0,2026-08-24T22:17:21.158973164Z,,api,access,POST /scan/executar-assincrono,success,,,69000000,,,,code-with-quarkus-pride,b61bab97f2474a04b87d0436ce824dd2,2c788f90b2ef4070,anonymous,anonymous,INFO,,,SPN HTTP access POST /scan/executar-assincrono status=200,"{""source.port"":""0""}"
1787609832799-0,2026-08-24T22:17:12.797210742Z,,api,access,POST /scan/upload,success,,,907000000,,,,code-with-quarkus-pride,f8dc1ce887ad44b79be9b5c222ac2679,bf9e45d966c74338,anonymous,anonymous,INFO,,,SPN HTTP access POST /scan/upload status=200,"{""source.port"":""0""}"
1787609820617-0,2026-08-24T22:17:00.613515065Z,,api,access,GET /home/fluxo,success,,,31000000,,,,code-with-quarkus-pride,b09d8b1167ea4c48a0839dc7c9019cdb,a74ae3bb83954b62,anonymous,anonymous,INFO,,,SPN HTTP access GET /home/fluxo status=200,"{""source.port"":""0""}"
1787609820605-0,2026-08-24T22:17:00.600527918Z,,api,access,GET /home/kpis,success,,,22000000,,,,code-with-quarkus-pride,22c1bfae3e794c04aaa4987c05d21719,3dc7cfadd8c0472d,anonymous,anonymous,INFO,,,SPN HTTP access GET /home/kpis status=200,"{""source.port"":""0""}"
1787609820590-0,2026-08-24T22:17:00.582501668Z,,api,access,GET /home/situacao,success,,,1000000,,,,code-with-quarkus-pride,ffe20f68908543dc8bb7a2dd143f0ef0,c62a42ae93ae4792,anonymous,anonymous,INFO,,,SPN HTTP access GET /home/situacao status=200,"{""source.port"":""0""}"
1787609781078-0,2026-08-24T22:16:21.076790869Z,,api,access,GET /modo,success,,,0,,,,code-with-quarkus-pride,8d95055991d84201919f41c52df0ccaf,99545a6f1d084267,anonymous,anonymous,INFO,,,SPN HTTP access GET /modo status=200,"{""source.port"":""0""}"
1787609780594-0,2026-08-24T22:16:20.591740394Z,,api,access,GET /manifest.webmanifest,success,,,0,,,,code-with-quarkus-pride,339eab9154ff4ea7b7590b5b6830114a,ac636b59651c4433,anonymous,anonymous,INFO,,,SPN HTTP access GET /manifest.webmanifest status=200,"{""source.port"":""0""}"
1787609780534-0,2026-08-24T22:16:20.532969115Z,,api,access,GET /scan,success,,,161000000,,,,code-with-quarkus-pride,6ab03cec05704069bd22138aa85a2286,1d51e3c342bc4b54,anonymous,anonymous,INFO,,,SPN HTTP access GET /scan status=200,"{""source.port"":""0""}"
1787609777007-0,2026-08-24T22:16:17.001907723Z,,api,access,GET /modo,success,,,0,,,,code-with-quarkus-pride,cbff67388d63464e981c3689c5f46c44,ea71a0b6e2c74b5f,anonymous,anonymous,INFO,,,SPN HTTP access GET /modo status=200,"{""source.port"":""0""}"
1787609776846-0,2026-08-24T22:16:16.845482254Z,,api,access,GET /manifest.webmanifest,success,,,0,,,,code-with-quarkus-pride,892f5251ae7e4c7e851e0538082d42a4,d8e0d60c0b264a7c,anonymous,anonymous,INFO,,,SPN HTTP access GET /manifest.webmanifest status=200,"{""source.port"":""0""}"
1787609776785-0,2026-08-24T22:16:16.784284220Z,,api,access,GET /,success,,,66000000,,,,code-with-quarkus-pride,708f71a848b64237abdd117382292e74,64fce4ae59304be3,anonymous,anonymous,INFO,,,SPN HTTP access GET / status=200,"{""source.port"":""0""}"
1787609761668-0,2026-08-24T22:16:01.662163646Z,,api,access,GET /home/fluxo,success,,,77000000,,,,code-with-quarkus-pride,dcd1c95810bd411a98de8ec6b598ebe2,b01bbc7a7e884446,anonymous,anonymous,INFO,,,SPN HTTP access GET /home/fluxo status=200,"{""source.port"":""0""}"
1787609761641-0,2026-08-24T22:16:01.638616144Z,,api,access,GET /home/kpis,success,,,57000000,,,,code-with-quarkus-pride,c17a4f03b89e4668a26fc47e56290ce4,15692fa78ef14092,anonymous,anonymous,INFO,,,SPN HTTP access GET /home/kpis status=200,"{""source.port"":""0""}"
1787609760586-0,2026-08-24T22:16:00.581816883Z,,api,access,GET /home/situacao,success,,,1000000,,,,code-with-quarkus-pride,1705029ddfc548e28dcf786de7e707ae,932db9f0a7e84133,anonymous,anonymous,INFO,,,SPN HTTP access GET /home/situacao status=200,"{""source.port"":""0""}"
1787609737910-0,2026-08-24T22:15:37.908743255Z,,api,access,GET /modo,success,,,0,,,,code-with-quarkus-pride,55495d1b2e944179b3606b317528ed1d,87f1857d9137473d,anonymous,anonymous,INFO,,,SPN HTTP access GET /modo status=200,"{""source.port"":""0""}"
1787609737395-0,2026-08-24T22:15:37.394431438Z,,api,access,GET /manifest.webmanifest,success,,,0,,,,code-with-quarkus-pride,232f59b6560448a8bd4b83dbd6585c42,1d67123691784a20,anonymous,anonymous,INFO,,,SPN HTTP access GET /manifest.webmanifest status=200,"{""source.port"":""0""}"
1787609737329-0,2026-08-24T22:15:37.327929033Z,,api,access,GET /documentacao/posse-do-acervo,success,,,35000000,,,,code-with-quarkus-pride,f6826223167a46c2bcc548f32dbe054d,d2598c14a7204008,anonymous,anonymous,INFO,,,SPN HTTP access GET /documentacao/posse-do-acervo status=200,"{""source.port"":""0""}"
1787609732570-0,2026-08-24T22:15:32.568024321Z,,api,access,GET /home/situacao,success,,,0,,,,code-with-quarkus-pride,f4a13cf539c64ab59b1e3a456a5c7913,2cb471d9569b408f,anonymous,anonymous,INFO,,,SPN HTTP access GET /home/situacao status=200,"{""source.port"":""0""}"
1787609731635-0,2026-08-24T22:15:31.634141583Z,,api,access,GET /home/kpis,success,,,62000000,,,,code-with-quarkus-pride,743ee9ec440f454bbf017e67d6bfe87e,3750e6f9190a4e19,anonymous,anonymous,INFO,,,SPN HTTP access GET /home/kpis status=200,"{""source.port"":""0""}"
1787609731631-0,2026-08-24T22:15:31.621429438Z,,api,access,GET /home/fluxo,success,,,54000000,,,,code-with-quarkus-pride,3995e005d52941ce883eb0aa6bcb7d41,1a3edca0867b4d93,anonymous,anonymous,INFO,,,SPN HTTP access GET /home/fluxo status=200,"{""source.port"":""0""}"
1787609724749-0,2026-08-24T22:15:24.747769463Z,,api,access,GET /modo,success,,,0,,,,code-with-quarkus-pride,f5eb9767e77841b9be6ad52fad7fbdbc,ecf5268a72ce4510,anonymous,anonymous,INFO,,,SPN HTTP access GET /modo status=200,"{""source.port"":""0""}"
1787609724452-0,2026-08-24T22:15:24.451267364Z,,api,access,GET /manifest.webmanifest,success,,,0,,,,code-with-quarkus-pride,58f3e3612fc446ac8ef60646167f8f88,4013c36274c74ae0,anonymous,anonymous,INFO,,,SPN HTTP access GET /manifest.webmanifest status=200,"{""source.port"":""0""}"
1787609724309-0,2026-08-24T22:15:24.308384326Z,,api,access,GET /documentacao/testes-de-carga,success,,,32000000,,,,code-with-quarkus-pride,3b443a1b364745b89c3b0c3a41e5a881,2ed819643ba94204,anonymous,anonymous,INFO,,,SPN HTTP access GET /documentacao/testes-de-carga status=200,"{""source.port"":""0""}"
1787609716573-0,2026-08-24T22:15:16.570138184Z,,api,access,GET /home/situacao,success,,,1000000,,,,code-with-quarkus-pride,097b136382814b7a8e141171940c3f97,6233509dc84f4c26,anonymous,anonymous,INFO,,,SPN HTTP access GET /home/situacao status=200,"{""source.port"":""0""}"
1787609700761-0,2026-08-24T22:15:00.759361964Z,,api,access,GET /home/fluxo,success,,,155000000,,,,code-with-quarkus-pride,49dc8ec76c0a453a99ea42d61c331855,5c0d4656392b4a69,anonymous,anonymous,INFO,,,SPN HTTP access GET /home/fluxo status=200,"{""source.port"":""0""}"
1787609700683-0,2026-08-24T22:15:00.677627506Z,,api,access,GET /home/kpis,success,,,94000000,,,,code-with-quarkus-pride,714e568b91554c0fbf9886ab0f1fd53f,31f0c217ac5f4c78,anonymous,anonymous,INFO,,,SPN HTTP access GET /home/kpis status=200,"{""source.port"":""0""}"
1787609700611-0,2026-08-24T22:15:00.584202245Z,,api,access,GET /home/situacao,success,,,0,,,,code-with-quarkus-pride,003d96aa72ec4179bea1ff9dfe73eba4,d9966155c6214eab,anonymous,anonymous,INFO,,,SPN HTTP access GET /home/situacao status=200,"{""source.port"":""0""}"
1787609685576-0,2026-08-24T22:14:45.574238483Z,,api,access,GET /home/situacao,success,,,1000000,,,,code-with-quarkus-pride,7a9a932830bc45e8ada1d43302007fd2,75cbee72721e4714,anonymous,anonymous,INFO,,,SPN HTTP access GET /home/situacao status=200,"{""source.port"":""0""}"
1787609669963-0,2026-08-24T22:14:29.959944229Z,,api,access,GET /home/kpis,success,,,29000000,,,,code-with-quarkus-pride,8d9798ceb4564d5fa44948eb95cd2451,87622a04aa804bb4,anonymous,anonymous,INFO,,,SPN HTTP access GET /home/kpis status=200,"{""source.port"":""0""}"
1787609669947-1,2026-08-24T22:14:29.943436066Z,,api,access,GET /home/situacao,success,,,1000000,,,,code-with-quarkus-pride,24989ac4702347c18c5ab9615964b1d1,c417ef12b44e43b9,anonymous,anonymous,INFO,,,SPN HTTP access GET /home/situacao status=200,"{""source.port"":""0""}"
1787609669947-0,2026-08-24T22:14:29.943555154Z,,api,access,GET /home/fluxo,success,,,42000000,,,,code-with-quarkus-pride,28132a0b93234df184cdb9cc67459e45,716fd03cba8e4cf7,anonymous,anonymous,INFO,,,SPN HTTP access GET /home/fluxo status=200,"{""source.port"":""0""}"
1787609654931-0,2026-08-24T22:14:14.929867947Z,,api,access,GET /home/situacao,success,,,1000000,,,,code-with-quarkus-pride,1efbeceb120846ef8732d160de251186,f5a258c0f01a42d4,anonymous,anonymous,INFO,,,SPN HTTP access GET /home/situacao status=200,"{""source.port"":""0""}"
1787609639941-0,2026-08-24T22:13:59.939209266Z,,api,access,GET /home/kpis,success,,,25000000,,,,code-with-quarkus-pride,ce3942dc377441488347a4b7afd23da9,a5daee9720984e93,anonymous,anonymous,INFO,,,SPN HTTP access GET /home/kpis status=200,"{""source.port"":""0""}"
1787609639939-0,2026-08-24T22:13:59.929231346Z,,api,access,GET /home/fluxo,success,,,27000000,,,,code-with-quarkus-pride,b7058383d4eb41748d04c5439b35cd4f,2810ea1dfdad4c65,anonymous,anonymous,INFO,,,SPN HTTP access GET /home/fluxo status=200,"{""source.port"":""0""}"
1787609639937-0,2026-08-24T22:13:59.927638236Z,,api,access,GET /home/situacao,success,,,0,,,,code-with-quarkus-pride,2488403fac864039b30a5683b7375fac,623bf5072bf04928,anonymous,anonymous,INFO,,,SPN HTTP access GET /home/situacao status=200,"{""source.port"":""0""}"
1787609624911-0,2026-08-24T22:13:44.909686079Z,,api,access,GET /home/situacao,success,,,0,,,,code-with-quarkus-pride,50b50214e220472d90d84d344f85a1a1,fbc58506fa6540ae,anonymous,anonymous,INFO,,,SPN HTTP access GET /home/situacao status=200,"{""source.port"":""0""}"
1787609609933-0,2026-08-24T22:13:29.927077592Z,,api,access,GET /home/kpis,success,,,22000000,,,,code-with-quarkus-pride,0c4db19a1fd24b66a44cf48f13c0cace,0b0640844ed54327,anonymous,anonymous,INFO,,,SPN HTTP access GET /home/kpis status=200,"{""source.port"":""0""}"
1787609609928-0,2026-08-24T22:13:29.926884696Z,,api,access,GET /home/situacao,success,,,0,,,,code-with-quarkus-pride,5fa43d4197644501adac0414aeb4dcae,8bda5c9d2bb7429b,anonymous,anonymous,INFO,,,SPN HTTP access GET /home/situacao status=200,"{""source.port"":""0""}"
1787609609916-0,2026-08-24T22:13:29.915368647Z,,api,access,GET /home/fluxo,success,,,19000000,,,,code-with-quarkus-pride,23b6d0c07b4b45f4ae5f224491f63c2e,bc7798404bcd473b,anonymous,anonymous,INFO,,,SPN HTTP access GET /home/fluxo status=200,"{""source.port"":""0""}"
1787609594901-0,2026-08-24T22:13:14.897854592Z,,api,access,GET /home/situacao,success,,,1000000,,,,code-with-quarkus-pride,d16587f6bafb44cd942e277e67b3c5f3,91e7a31871814151,anonymous,anonymous,INFO,,,SPN HTTP access GET /home/situacao status=200,"{""source.port"":""0""}"
1787609579897-0,2026-08-24T22:12:59.896410455Z,,api,access,GET /modo,success,,,0,,,,code-with-quarkus-pride,2f61880e472b402c8fd6d7b4e333d8ba,d2056d2bf37f4011,anonymous,anonymous,INFO,,,SPN HTTP access GET /modo status=200,"{""source.port"":""0""}"
1787609579624-0,2026-08-24T22:12:59.622235796Z,,api,access,GET /,success,,,55000000,,,,code-with-quarkus-pride,a36e79bb57a74ca7b9a3ccebbe675ca0,ce588c7ceaad4e6b,anonymous,anonymous,INFO,,,SPN HTTP access GET / status=200,"{""source.port"":""0""}"
1787608989038-0,2026-08-24T22:03:09.036334185Z,,api,access,GET /modo,success,,,0,,,,code-with-quarkus-pride,e08dae619bc449ad8b4298f75fe8001e,5c4cf2dd942745c0,anonymous,anonymous,INFO,,,SPN HTTP access GET /modo status=200,"{""source.port"":""0""}"
1787608988800-0,2026-08-24T22:03:08.799334612Z,,api,access,GET /manifest.webmanifest,success,,,0,,,,code-with-quarkus-pride,72c8a2a205bc495796a5f04e94bd39ea,faff980b750d421f,anonymous,anonymous,INFO,,,SPN HTTP access GET /manifest.webmanifest status=200,"{""source.port"":""0""}"
1787608988731-0,2026-08-24T22:03:08.727811686Z,,api,access,GET /documentacao/desempenho,success,,,37000000,,,,code-with-quarkus-pride,b1dd696cb74049eb98ac0d09ae386b43,1d39a9d994294494,anonymous,anonymous,INFO,,,SPN HTTP access GET /documentacao/desempenho status=200,"{""source.port"":""0""}"
1787608983106-0,2026-08-24T22:03:03.104993515Z,,api,access,GET /modo,success,,,0,,,,code-with-quarkus-pride,007e68647d294768a0be358ae53ad7f6,7b68585d6e9345aa,anonymous,anonymous,INFO,,,SPN HTTP access GET /modo status=200,"{""source.port"":""0""}"
1787608982993-0,2026-08-24T22:03:02.991320725Z,,api,access,GET /manifest.webmanifest,success,,,0,,,,code-with-quarkus-pride,e3afd49afad2405bb14acc8ca3d45877,a380a85fabc94316,anonymous,anonymous,INFO,,,SPN HTTP access GET /manifest.webmanifest status=200,"{""source.port"":""0""}"
1787608982938-0,2026-08-24T22:03:02.936735342Z,,api,access,GET /documentacao,success,,,18000000,,,,code-with-quarkus-pride,176c905b4d414a4b9e28112aabd60164,5cdf05648e704e56,anonymous,anonymous,INFO,,,SPN HTTP access GET /documentacao status=200,"{""source.port"":""0""}"
1787608981484-0,2026-08-24T22:03:01.475347087Z,,api,access,GET /modo,success,,,0,,,,code-with-quarkus-pride,364114f79aff44b1841b205115c385dd,073c582928434f51,anonymous,anonymous,INFO,,,SPN HTTP access GET /modo status=200,"{""source.port"":""0""}"
1787608981269-0,2026-08-24T22:03:01.265534036Z,,api,access,GET /manifest.webmanifest,success,,,0,,,,code-with-quarkus-pride,7c9f838f22904e3dafb32c1d6e88cfdc,b8343921500648c9,anonymous,anonymous,INFO,,,SPN HTTP access GET /manifest.webmanifest status=200,"{""source.port"":""0""}"
1787608981059-0,2026-08-24T22:03:01.057000899Z,,api,access,GET /,success,,,75000000,,,,code-with-quarkus-pride,f7765eb4eae242a0b1f7abd566068c79,1dbc6e246a6746bd,anonymous,anonymous,INFO,,,SPN HTTP access GET / status=200,"{""source.port"":""0""}"
1787607785766-0,2026-08-24T21:43:05.765187555Z,,api,access,GET /modo,success,,,0,,,,code-with-quarkus-pride,20c37662c4f24a768d230d00e2cec16f,3602640688ed4beb,anonymous,anonymous,INFO,,,SPN HTTP access GET /modo status=200,"{""source.port"":""0""}"
1787607785661-0,2026-08-24T21:43:05.659398439Z,,api,access,GET /manifest.webmanifest,success,,,0,,,,code-with-quarkus-pride,6610d63571ed45e7a42275f8f0997154,912c5969783347bb,anonymous,anonymous,INFO,,,SPN HTTP access GET /manifest.webmanifest status=200,"{""source.port"":""0""}"
1787607785592-0,2026-08-24T21:43:05.590283612Z,,api,access,GET /documentacao,success,,,13000000,,,,code-with-quarkus-pride,772ff698f328452abbf9a4b8cdb2b810,d722bf8fadb94a3f,anonymous,anonymous,INFO,,,SPN HTTP access GET /documentacao status=200,"{""source.port"":""0""}"
1787607779128-0,2026-08-24T21:42:59.127085188Z,,api,access,GET /modo,success,,,0,,,,code-with-quarkus-pride,3ce3060b50344c50a9d5cf0ce3ec9d23,a18ce3dbc1664249,anonymous,anonymous,INFO,,,SPN HTTP access GET /modo status=200,"{""source.port"":""0""}"
1787607778842-0,2026-08-24T21:42:58.840670023Z,,api,access,GET /manifest.webmanifest,success,,,0,,,,code-with-quarkus-pride,fcc4842b0cd34678b2709f570e6c2997,f8bb4be0df6f4b1b,anonymous,anonymous,INFO,,,SPN HTTP access GET /manifest.webmanifest status=200,"{""source.port"":""0""}"
1787607778565-0,2026-08-24T21:42:58.564367666Z,,api,access,GET /,success,,,43000000,,,,code-with-quarkus-pride,6cee48e627474d3b8390ad60b07f9659,9a13b241b76444f0,anonymous,anonymous,INFO,,,SPN HTTP access GET / status=200,"{""source.port"":""0""}"
1787607778253-0,2026-08-24T21:42:58.252174061Z,,api,access,HEAD /,success,,,45000000,,,,code-with-quarkus-pride,83d12ece93b741baa4185a39e40db898,f29e65ebf3ed460b,anonymous,anonymous,INFO,,,SPN HTTP access HEAD / status=200,"{""source.port"":""0""}"
1787607774557-0,2026-08-24T21:42:54.554431961Z,,api,access,GET /home/fluxo,success,,,19000000,,,,code-with-quarkus-pride,684d861614604708a524f8e8a78e913a,d97ea792289a446d,anonymous,anonymous,INFO,,,SPN HTTP access GET /home/fluxo status=200,"{""source.port"":""0""}"
1787607774532-0,2026-08-24T21:42:54.531211896Z,,api,access,GET /home/kpis,success,,,16000000,,,,code-with-quarkus-pride,524c70d0d01f4bcfae31b5fc69660b31,2d28e94696ac4bbd,anonymous,anonymous,INFO,,,SPN HTTP access GET /home/kpis status=200,"{""source.port"":""0""}"
1787607774517-0,2026-08-24T21:42:54.515250419Z,,api,access,GET /home/situacao,success,,,0,,,,code-with-quarkus-pride,e80c0521fae64491ae81372d22c9fa58,e9bbc7fee5b44021,anonymous,anonymous,INFO,,,SPN HTTP access GET /home/situacao status=200,"{""source.port"":""0""}"
1787607772724-0,2026-08-24T21:42:52.723673713Z,,api,access,GET /home/fluxo,success,,,23000000,,,,code-with-quarkus-pride,c8df7259393a4794b1f09ecf6a607788,98a17ff702d54eb3,anonymous,anonymous,INFO,,,SPN HTTP access GET /home/fluxo status=200,"{""source.port"":""0""}"
1787607772716-0,2026-08-24T21:42:52.713680579Z,,api,access,GET /home/kpis,success,,,15000000,,,,code-with-quarkus-pride,37bbe02f5ece4511b731e199f5709857,788e56d15695459a,anonymous,anonymous,INFO,,,SPN HTTP access GET /home/kpis status=200,"{""source.port"":""0""}"
1787607772697-0,2026-08-24T21:42:52.695599261Z,,api,access,GET /home/situacao,success,,,1000000,,,,code-with-quarkus-pride,1240190832a542ac8aef5c1591cd3250,54b4c1d69b744178,anonymous,anonymous,INFO,,,SPN HTTP access GET /home/situacao status=200,"{""source.port"":""0""}"
1787607772461-0,2026-08-24T21:42:52.457724409Z,,api,access,GET /documentacao/apresentacao,success,,,24000000,,,,code-with-quarkus-pride,abe4c6197a254a4aacdd020dd10a0bdd,bc39297054d348dd,anonymous,anonymous,INFO,,,SPN HTTP access GET /documentacao/apresentacao status=200,"{""source.port"":""0""}"
1787607770568-0,2026-08-24T21:42:50.566799234Z,,api,access,GET /home/fluxo,success,,,22000000,,,,code-with-quarkus-pride,de11b6bd6c6c447a820b090b0f9fb121,530e257713cd4088,anonymous,anonymous,INFO,,,SPN HTTP access GET /home/fluxo status=200,"{""source.port"":""0""}"
1787607770561-0,2026-08-24T21:42:50.559541707Z,,api,access,GET /home/kpis,success,,,16000000,,,,code-with-quarkus-pride,e814d9a77d4c4bb79b201bf60ad6710e,3eedca40afa14d1c,anonymous,anonymous,INFO,,,SPN HTTP access GET /home/kpis status=200,"{""source.port"":""0""}"
1787607770545-0,2026-08-24T21:42:50.543267471Z,,api,access,GET /home/situacao,success,,,0,,,,code-with-quarkus-pride,288e594784234a679dffa6a62dc86b08,c0d0838f5e464790,anonymous,anonymous,INFO,,,SPN HTTP access GET /home/situacao status=200,"{""source.port"":""0""}"
1787607770544-0,2026-08-24T21:42:50.542113767Z,,api,access,GET /documentacao/apresentacao,success,,,23000000,,,,code-with-quarkus-pride,eff6bf37fce94b578597cf398d9b2433,a8b633a313aa4b14,anonymous,anonymous,INFO,,,SPN HTTP access GET /documentacao/apresentacao status=200,"{""source.port"":""0""}"
1787607768751-0,2026-08-24T21:42:48.750303986Z,,api,access,GET /home/fluxo,success,,,26000000,,,,code-with-quarkus-pride,f20c9227161849e7a80e74ce4cf0d5f5,78cade512d814c2c,anonymous,anonymous,INFO,,,SPN HTTP access GET /home/fluxo status=200,"{""source.port"":""0""}"
1787607768742-0,2026-08-24T21:42:48.738903715Z,,api,access,GET /home/kpis,success,,,16000000,,,,code-with-quarkus-pride,7266a72817c0422ab23236d8c95756b2,72d31b8a0f6145de,anonymous,anonymous,INFO,,,SPN HTTP access GET /home/kpis status=200,"{""source.port"":""0""}"
1787607768726-0,2026-08-24T21:42:48.723912272Z,,api,access,GET /home/situacao,success,,,1000000,,,,code-with-quarkus-pride,04eee6166f2341c1904738ed5986ffa3,fc5503efa6504516,anonymous,anonymous,INFO,,,SPN HTTP access GET /home/situacao status=200,"{""source.port"":""0""}"
1787607766876-0,2026-08-24T21:42:46.875000508Z,,api,access,GET /home/fluxo,success,,,27000000,,,,code-with-quarkus-pride,38df3c3b22cc401292fbdfa792d8d305,e836b974528d467c,anonymous,anonymous,INFO,,,SPN HTTP access GET /home/fluxo status=200,"{""source.port"":""0""}"
1787607766863-0,2026-08-24T21:42:46.862349100Z,,api,access,GET /home/kpis,success,,,15000000,,,,code-with-quarkus-pride,70fe48a01e77464193a8b05025f403d2,9d2b75de4c1b4dea,anonymous,anonymous,INFO,,,SPN HTTP access GET /home/kpis status=200,"{""source.port"":""0""}"
1787607766853-0,2026-08-24T21:42:46.848179391Z,,api,access,GET /home/situacao,success,,,0,,,,code-with-quarkus-pride,e4dca541694e4d7ba003b7293fccc5c8,f878be871ba746e5,anonymous,anonymous,INFO,,,SPN HTTP access GET /home/situacao status=200,"{""source.port"":""0""}"
1787607765549-0,2026-08-24T21:42:45.548234132Z,,api,access,GET /modo,success,,,0,,,,code-with-quarkus-pride,9c39fd3ab87b4916a3286db275c9af98,f2037dea9479494f,anonymous,anonymous,INFO,,,SPN HTTP access GET /modo status=200,"{""source.port"":""0""}"
1787607765225-0,2026-08-24T21:42:45.223984817Z,,api,access,GET /manifest.webmanifest,success,,,0,,,,code-with-quarkus-pride,f0af5233409a43728a13d51f431ac308,4b3e02c505834b7d,anonymous,anonymous,INFO,,,SPN HTTP access GET /manifest.webmanifest status=200,"{""source.port"":""0""}"
1787607765137-0,2026-08-24T21:42:45.136626611Z,,api,access,GET /documentacao/java-vs-python,success,,,25000000,,,,code-with-quarkus-pride,9497a0919d1d4a31a5c58d15d6435e00,a931f245a9b64b75,anonymous,anonymous,INFO,,,SPN HTTP access GET /documentacao/java-vs-python status=200,"{""source.port"":""0""}"
1787607765114-0,2026-08-24T21:42:45.111639853Z,,api,access,GET /home/fluxo,success,,,46000000,,,,code-with-quarkus-pride,1ef054ddc5a24766a96d79d4ff9ee8cf,25aedf96ad174815,anonymous,anonymous,INFO,,,SPN HTTP access GET /home/fluxo status=200,"{""source.port"":""0""}"
1787607765111-0,2026-08-24T21:42:45.097296538Z,,api,access,GET /home/kpis,success,,,31000000,,,,code-with-quarkus-pride,a9bcf4e8be4041d9800cfa73a11a477f,eb56a03a27c542ba,anonymous,anonymous,INFO,,,SPN HTTP access GET /home/kpis status=200,"{""source.port"":""0""}"
1787607765069-0,2026-08-24T21:42:45.066380316Z,,api,access,GET /home/situacao,success,,,1000000,,,,code-with-quarkus-pride,697435738f26494da6276ac2194f9199,77647cfdc3c84d05,anonymous,anonymous,INFO,,,SPN HTTP access GET /home/situacao status=200,"{""source.port"":""0""}"
1787607763306-0,2026-08-24T21:42:43.304494737Z,,api,access,GET /home/fluxo,success,,,54000000,,,,code-with-quarkus-pride,90459184fe1e40a7acb8e37fa31d6eaf,8561b32a0e294c5f,anonymous,anonymous,INFO,,,SPN HTTP access GET /home/fluxo status=200,"{""source.port"":""0""}"
1787607763294-0,2026-08-24T21:42:43.292687137Z,,api,access,GET /home/kpis,success,,,43000000,,,,code-with-quarkus-pride,46fc7ccc1142476d89aeb0ea0ad44624,3d5e13858cae4ef5,anonymous,anonymous,INFO,,,SPN HTTP access GET /home/kpis status=200,"{""source.port"":""0""}"
1787607763253-0,2026-08-24T21:42:43.250529841Z,,api,access,GET /home/situacao,success,,,0,,,,code-with-quarkus-pride,40c3a3f1cb4a48ea88c70615ae10503a,461a0a0b38c14c81,anonymous,anonymous,INFO,,,SPN HTTP access GET /home/situacao status=200,"{""source.port"":""0""}"
1787607761516-0,2026-08-24T21:42:41.513984967Z,,api,access,GET /home/fluxo,success,,,68000000,,,,code-with-quarkus-pride,832314986c964853bffc384bb546826c,3502198992474877,anonymous,anonymous,INFO,,,SPN HTTP access GET /home/fluxo status=200,"{""source.port"":""0""}"
1787607761493-0,2026-08-24T21:42:41.484945540Z,,api,access,GET /home/kpis,success,,,39000000,,,,code-with-quarkus-pride,2a528e9223124b2a895a8997115e598e,75158155d915435f,anonymous,anonymous,INFO,,,SPN HTTP access GET /home/kpis status=200,"{""source.port"":""0""}"
1787607761450-0,2026-08-24T21:42:41.446178313Z,,api,access,GET /home/situacao,success,,,0,,,,code-with-quarkus-pride,18046cb920de49c4a8f15dd73f3cf5d4,60465172b433444e,anonymous,anonymous,INFO,,,SPN HTTP access GET /home/situacao status=200,"{""source.port"":""0""}"
1787607759779-0,2026-08-24T21:42:39.776418597Z,,api,access,GET /home/fluxo,success,,,78000000,,,,code-with-quarkus-pride,24d995fc1e3c457f9d9557cf3935bc97,3519a2ddeee24a5c,anonymous,anonymous,INFO,,,SPN HTTP access GET /home/fluxo status=200,"{""source.port"":""0""}"
1787607759766-0,2026-08-24T21:42:39.754656273Z,,api,access,GET /home/kpis,success,,,56000000,,,,code-with-quarkus-pride,239fca858fc942b696cac34064dffbea,09e8878f730f40d7,anonymous,anonymous,INFO,,,SPN HTTP access GET /home/kpis status=200,"{""source.port"":""0""}"
1787607759743-0,2026-08-24T21:42:39.698377367Z,,api,access,GET /home/situacao,success,,,1000000,,,,code-with-quarkus-pride,2f96d12d81724920ae45e11be8b3d73f,e979dab5f0154e4a,anonymous,anonymous,INFO,,,SPN HTTP access GET /home/situacao status=200,"{""source.port"":""0""}"
1787607757852-0,2026-08-24T21:42:37.851728243Z,,api,access,GET /home/fluxo,success,,,55000000,,,,code-with-quarkus-pride,d552c4b4db4640e5970c11c1d266f7fa,caba7929eff6457b,anonymous,anonymous,INFO,,,SPN HTTP access GET /home/fluxo status=200,"{""source.port"":""0""}"
1787607757834-0,2026-08-24T21:42:37.832605555Z,,api,access,GET /home/kpis,success,,,35000000,,,,code-with-quarkus-pride,89838a7a822d4cfd978ded43d9d548ed,3ba3cac8453c47cb,anonymous,anonymous,INFO,,,SPN HTTP access GET /home/kpis status=200,"{""source.port"":""0""}"
1787607757799-0,2026-08-24T21:42:37.796714727Z,,api,access,GET /home/situacao,success,,,0,,,,code-with-quarkus-pride,2ffe589be2eb496c950ff78c66caa527,5602d8d403004b23,anonymous,anonymous,INFO,,,SPN HTTP access GET /home/situacao status=200,"{""source.port"":""0""}"
1787607756058-0,2026-08-24T21:42:36.057332642Z,,api,access,GET /home/fluxo,success,,,41000000,,,,code-with-quarkus-pride,ebb124bc95ab4411bbc0d006f0ce7c16,9aad0021b6d446ed,anonymous,anonymous,INFO,,,SPN HTTP access GET /home/fluxo status=200,"{""source.port"":""0""}"
1787607756036-0,2026-08-24T21:42:36.031374536Z,,api,access,GET /home/kpis,success,,,15000000,,,,code-with-quarkus-pride,b7f8c39626c1436ca75d354f03fb47e8,d0a8138b6ea74e3e,anonymous,anonymous,INFO,,,SPN HTTP access GET /home/kpis status=200,"{""source.port"":""0""}"
1787607755976-0,2026-08-24T21:42:35.974913447Z,,api,access,GET /home/situacao,success,,,1000000,,,,code-with-quarkus-pride,6147fb0216ca494abd5ead99cd054742,976753502f504413,anonymous,anonymous,INFO,,,SPN HTTP access GET /home/situacao status=200,"{""source.port"":""0""}"
1787607754275-0,2026-08-24T21:42:34.273208392Z,,api,access,GET /home/kpis,success,,,46000000,,,,code-with-quarkus-pride,70418ea532714750961996c1c8e7485e,b7c6a1e2710b4778,anonymous,anonymous,INFO,,,SPN HTTP access GET /home/kpis status=200,"{""source.port"":""0""}"
1787607754272-0,2026-08-24T21:42:34.262327142Z,,api,access,GET /home/fluxo,success,,,35000000,,,,code-with-quarkus-pride,bb7e7b16b8ee44fdb16751cf6200d661,0218f1a6c1634e8d,anonymous,anonymous,INFO,,,SPN HTTP access GET /home/fluxo status=200,"{""source.port"":""0""}"
1787607754092-0,2026-08-24T21:42:34.090518959Z,,api,access,GET /home/situacao,success,,,0,,,,code-with-quarkus-pride,f7e2f44000334bfeb92ef945eb1c8398,bcf678d30d424792,anonymous,anonymous,INFO,,,SPN HTTP access GET /home/situacao status=200,"{""source.port"":""0""}"
1787607753483-0,2026-08-24T21:42:33.482590725Z,,api,access,GET /manifest.webmanifest,success,,,0,,,,code-with-quarkus-pride,8c53fe27e7d340c780bafe2a1ab3a155,6ce3c7de011f4777,anonymous,anonymous,INFO,,,SPN HTTP access GET /manifest.webmanifest status=200,"{""source.port"":""0""}"
1787607752429-0,2026-08-24T21:42:32.427838967Z,,api,access,GET /home/fluxo,success,,,33000000,,,,code-with-quarkus-pride,c9392c9d0d3347379c7d68a3ce7ca6bb,89630ec66c0e4836,anonymous,anonymous,INFO,,,SPN HTTP access GET /home/fluxo status=200,"{""source.port"":""0""}"
1787607752425-0,2026-08-24T21:42:32.423407005Z,,api,access,GET /home/kpis,success,,,28000000,,,,code-with-quarkus-pride,8394f05b3c2446f89664f8e80819d792,7205ddf9cd164673,anonymous,anonymous,INFO,,,SPN HTTP access GET /home/kpis status=200,"{""source.port"":""0""}"
1787607752279-0,2026-08-24T21:42:32.278669516Z,,api,access,GET /home/situacao,success,,,1000000,,,,code-with-quarkus-pride,37dfb658aec24453a559617b97bdff5e,4eca4f7327964351,anonymous,anonymous,INFO,,,SPN HTTP access GET /home/situacao status=200,"{""source.port"":""0""}"
1787607749848-0,2026-08-24T21:42:29.846684942Z,,api,access,GET /modo,success,,,0,,,,code-with-quarkus-pride,cdfd20ebf66d4eb8a2e811cea2837466,0ce78a8514084799,anonymous,anonymous,INFO,,,SPN HTTP access GET /modo status=200,"{""source.port"":""0""}"
1787607749753-0,2026-08-24T21:42:29.751672112Z,,api,access,GET /modo,success,,,0,,,,code-with-quarkus-pride,47e083fb1d4e4953a1b9a12174a04c57,c7e577fb6fe54e55,anonymous,anonymous,INFO,,,SPN HTTP access GET /modo status=200,"{""source.port"":""0""}"
1787607749634-0,2026-08-24T21:42:29.631523775Z,,api,access,GET /manifest.webmanifest,success,,,0,,,,code-with-quarkus-pride,3af7ef1290be4a33b5467733e7461364,54c52c5673e943ae,anonymous,anonymous,INFO,,,SPN HTTP access GET /manifest.webmanifest status=200,"{""source.port"":""0""}"
1787607749559-0,2026-08-24T21:42:29.557257475Z,,api,access,GET /documentacao/ia-local,success,,,68000000,,,,code-with-quarkus-pride,1387c0956dab472299400b1fa185f22b,4a19e1c2ed88443f,anonymous,anonymous,INFO,,,SPN HTTP access GET /documentacao/ia-local status=200,"{""source.port"":""0""}"
1787607745265-0,2026-08-24T21:42:25.263821520Z,,api,access,GET /modo,success,,,0,,,,code-with-quarkus-pride,c3123a55bcd940928a1f9ebe29863f43,a043783876eb4a1b,anonymous,anonymous,INFO,,,SPN HTTP access GET /modo status=200,"{""source.port"":""0""}"
1787607744938-0,2026-08-24T21:42:24.937182147Z,,api,access,GET /manifest.webmanifest,success,,,0,,,,code-with-quarkus-pride,90405da122e6497d8c751664f472a2dd,9f4b2db43fdf43ec,anonymous,anonymous,INFO,,,SPN HTTP access GET /manifest.webmanifest status=200,"{""source.port"":""0""}"
1787607744865-0,2026-08-24T21:42:24.862415247Z,,api,access,GET /documentacao/desempenho,success,,,26000000,,,,code-with-quarkus-pride,f5cf3520b0c144b4957290e1dcb8359f,d5932f99580e4378,anonymous,anonymous,INFO,,,SPN HTTP access GET /documentacao/desempenho status=200,"{""source.port"":""0""}"
1787607741230-0,2026-08-24T21:42:21.228770742Z,,api,access,GET /,success,,,48000000,,,,code-with-quarkus-pride,491be73e46c247b99baf393b1c8e0bf0,21382d0b374443d4,anonymous,anonymous,INFO,,,SPN HTTP access GET / status=200,"{""source.port"":""0""}"
1787607702385-0,2026-08-24T21:41:42.383432097Z,,api,access,GET /modo,success,,,0,,,,code-with-quarkus-pride,bad51a2f0eac4dd48c481743539281e9,b134d7df4b844477,anonymous,anonymous,INFO,,,SPN HTTP access GET /modo status=200,"{""source.port"":""0""}"
1787607702329-0,2026-08-24T21:41:42.324967271Z,,api,access,GET /manifest.webmanifest,success,,,0,,,,code-with-quarkus-pride,e726a6fd787a4948985de6d83924c61a,ecac002982464255,anonymous,anonymous,INFO,,,SPN HTTP access GET /manifest.webmanifest status=200,"{""source.port"":""0""}"
1787607701854-0,2026-08-24T21:41:41.852555236Z,,api,access,GET /documentacao,success,,,11000000,,,,code-with-quarkus-pride,c62fad76348a4dccbf1c3692e34148f4,028b2712aed944d0,anonymous,anonymous,INFO,,,SPN HTTP access GET /documentacao status=200,"{""source.port"":""0""}"
1787607699528-0,2026-08-24T21:41:39.527807428Z,,api,access,GET /modo,success,,,0,,,,code-with-quarkus-pride,c1797a52af8f475b820971741b593cda,61bfd15a8f9d455e,anonymous,anonymous,INFO,,,SPN HTTP access GET /modo status=200,"{""source.port"":""0""}"
1787607699149-0,2026-08-24T21:41:39.147454429Z,,api,access,GET /manifest.webmanifest,success,,,0,,,,code-with-quarkus-pride,d29cc93d4f2c4743b1d58978da160e40,db6147f1a1f74cbb,anonymous,anonymous,INFO,,,SPN HTTP access GET /manifest.webmanifest status=200,"{""source.port"":""0""}"
1787607698983-0,2026-08-24T21:41:38.981246829Z,,api,access,GET /documentacao/justificativa-stack,success,,,42000000,,,,code-with-quarkus-pride,dbfeaf976cbf4625978f7f7f85af6898,e908272d3cec4e0d,anonymous,anonymous,INFO,,,SPN HTTP access GET /documentacao/justificativa-stack status=200,"{""source.port"":""0""}"
1787607692024-0,2026-08-24T21:41:32.023046483Z,,api,access,GET /modo,success,,,0,,,,code-with-quarkus-pride,5de9686622724835a121f8944581be8f,94e19d5a7ffc4f92,anonymous,anonymous,INFO,,,SPN HTTP access GET /modo status=200,"{""source.port"":""0""}"
1787607691844-0,2026-08-24T21:41:31.843710403Z,,api,access,GET /manifest.webmanifest,success,,,0,,,,code-with-quarkus-pride,34bf070c631a4540bd6f7735ef9a8c1f,ba5967eabe0b4fe5,anonymous,anonymous,INFO,,,SPN HTTP access GET /manifest.webmanifest status=200,"{""source.port"":""0""}"
1787607691819-0,2026-08-24T21:41:31.818491781Z,,api,access,GET /modo,success,,,0,,,,code-with-quarkus-pride,fecc07c592a34009a5b3c32c641f2b74,259e1d17b57a4d16,anonymous,anonymous,INFO,,,SPN HTTP access GET /modo status=200,"{""source.port"":""0""}"
1787607691734-0,2026-08-24T21:41:31.732250208Z,,api,access,GET /,success,,,60000000,,,,code-with-quarkus-pride,d6000883c68b43f8a18e78d4dfb051de,63510d5ebce241b3,anonymous,anonymous,INFO,,,SPN HTTP access GET / status=200,"{""source.port"":""0""}"
1787607691580-0,2026-08-24T21:41:31.574870329Z,,api,access,GET /documentacao/apresentacao,success,,,22000000,,,,code-with-quarkus-pride,dfeaff148ac644ea9eeffbb460acbf3f,f41165f5204a487f,anonymous,anonymous,INFO,,,SPN HTTP access GET /documentacao/apresentacao status=200,"{""source.port"":""0""}"
1787607683629-0,2026-08-24T21:41:23.627522505Z,,api,access,GET /modo,success,,,0,,,,code-with-quarkus-pride,b638ebe67a7241178ca9f300d84c5a01,ba5710428d874a39,anonymous,anonymous,INFO,,,SPN HTTP access GET /modo status=200,"{""source.port"":""0""}"
1787607683518-0,2026-08-24T21:41:23.517275904Z,,api,access,GET /manifest.webmanifest,success,,,0,,,,code-with-quarkus-pride,83d60ab12043468381c0be05e5d3e66e,33ff8af9e09942d2,anonymous,anonymous,INFO,,,SPN HTTP access GET /manifest.webmanifest status=200,"{""source.port"":""0""}"
1787607683344-0,2026-08-24T21:41:23.342943802Z,,api,access,GET /documentacao/apresentacao,success,,,88000000,,,,code-with-quarkus-pride,06ba886e91aa4fc4a636957ab86fea44,a31e8db2342e4bc6,anonymous,anonymous,INFO,,,SPN HTTP access GET /documentacao/apresentacao status=200,"{""source.port"":""0""}"
1787607681763-0,2026-08-24T21:41:21.760802467Z,,api,access,GET /modo,success,,,0,,,,code-with-quarkus-pride,79dc402b0eae43c8b9a77181fafffeef,41df448e5cc54f99,anonymous,anonymous,INFO,,,SPN HTTP access GET /modo status=200,"{""source.port"":""0""}"
1787607681555-0,2026-08-24T21:41:21.554163101Z,,api,access,GET /documentacao,success,,,13000000,,,,code-with-quarkus-pride,32bb74db62614adfa7c2e5aeb3a1f02a,5fcd7afcebf64a52,anonymous,anonymous,INFO,,,SPN HTTP access GET /documentacao status=200,"{""source.port"":""0""}"
1787607678356-0,2026-08-24T21:41:18.355243201Z,,api,access,GET /manifest.webmanifest,success,,,0,,,,code-with-quarkus-pride,803bebd79c4a42e7b25a298c2275bc51,1a22d72c17ec41ae,anonymous,anonymous,INFO,,,SPN HTTP access GET /manifest.webmanifest status=200,"{""source.port"":""0""}"
1787607678120-0,2026-08-24T21:41:18.118175048Z,,api,access,GET /modo,success,,,0,,,,code-with-quarkus-pride,37016c07ae1e403cb63b5994f63685c0,a2f0fc91c082460a,anonymous,anonymous,INFO,,,SPN HTTP access GET /modo status=200,"{""source.port"":""0""}"
1787607677687-0,2026-08-24T21:41:17.685049223Z,,api,access,GET /,success,,,49000000,,,,code-with-quarkus-pride,b2cb7c95a0df483183ac6cdedad62687,1b4de60df3f8443a,anonymous,anonymous,INFO,,,SPN HTTP access GET / status=200,"{""source.port"":""0""}"
1787607676630-0,2026-08-24T21:41:16.629659402Z,,api,access,GET /modo,success,,,0,,,,code-with-quarkus-pride,6b869b683a7e491d967d721c82b5db08,e4ba77f9b8cd44ec,anonymous,anonymous,INFO,,,SPN HTTP access GET /modo status=200,"{""source.port"":""0""}"
1787607676541-0,2026-08-24T21:41:16.540020048Z,,api,access,GET /manifest.webmanifest,success,,,0,,,,code-with-quarkus-pride,17f840e103d94cf2b9b4e34c3ce9b64c,498674c36705420c,anonymous,anonymous,INFO,,,SPN HTTP access GET /manifest.webmanifest status=200,"{""source.port"":""0""}"
1787607676479-0,2026-08-24T21:41:16.477149629Z,,api,access,GET /documentacao,success,,,59000000,,,,code-with-quarkus-pride,4f0800e75c5c47ffa4c3dc35a816f290,8a3c5638ed6b4b4d,anonymous,anonymous,INFO,,,SPN HTTP access GET /documentacao status=200,"{""source.port"":""0""}"
1787607671332-0,2026-08-24T21:41:11.330543477Z,,api,access,GET /modo,success,,,0,,,,code-with-quarkus-pride,b9f4933e44ab46b8b7448fd14e4c40e5,a1a3ec2ba88043e1,anonymous,anonymous,INFO,,,SPN HTTP access GET /modo status=200,"{""source.port"":""0""}"
1787607671165-0,2026-08-24T21:41:11.164337840Z,,api,access,GET /manifest.webmanifest,success,,,0,,,,code-with-quarkus-pride,15bcfe3df1b14ea6835ca19b85513426,61a4b14bbd7441af,anonymous,anonymous,INFO,,,SPN HTTP access GET /manifest.webmanifest status=200,"{""source.port"":""0""}"
1787607670952-0,2026-08-24T21:41:10.950568635Z,,api,access,GET /,success,,,46000000,,,,code-with-quarkus-pride,2325448889b74cc68af5b8e3412e1190,0527b3c400cd475b,anonymous,anonymous,INFO,,,SPN HTTP access GET / status=200,"{""source.port"":""0""}"
1787607670675-0,2026-08-24T21:41:10.672879220Z,,api,access,HEAD /,success,,,47000000,,,,code-with-quarkus-pride,a1870dd12a164d29b358c277ec33e933,21a24b8892ed46b2,anonymous,anonymous,INFO,,,SPN HTTP access HEAD / status=200,"{""source.port"":""0""}"
1787607663768-0,2026-08-24T21:41:03.766678452Z,,api,access,GET /home/situacao,success,,,1000000,,,,code-with-quarkus-pride,35841d7a89ba4f61bfad09122ce2ae95,57a76927c23d4cfe,anonymous,anonymous,INFO,,,SPN HTTP access GET /home/situacao status=200,"{""source.port"":""0""}"
1787607660909-0,2026-08-24T21:41:00.905315153Z,,api,access,HEAD /,success,,,118000000,,,,code-with-quarkus-pride,d9233893b7884d62a8965544bcbc51d5,5eacc30849dd4843,anonymous,anonymous,INFO,,,SPN HTTP access HEAD / status=200,"{""source.port"":""0""}"
1787607659731-0,2026-08-24T21:40:59.728130637Z,,api,access,GET /,success,,,55000000,,,,code-with-quarkus-pride,9184d836f4a44a1e974c4c50dd2e66d4,31d39155ca5d46fc,anonymous,anonymous,INFO,,,SPN HTTP access GET / status=200,"{""source.port"":""0""}"
1787607658930-0,2026-08-24T21:40:58.928678975Z,,api,access,GET /,success,,,50000000,,,,code-with-quarkus-pride,bcb98c0ac5f34b50b8ea9ef4dd385f73,bad4d6709fc8410d,anonymous,anonymous,INFO,,,SPN HTTP access GET / status=200,"{""source.port"":""0""}"
1787607648911-0,2026-08-24T21:40:48.908504720Z,,api,access,GET /manifest.webmanifest,success,,,2000000,,,,code-with-quarkus-pride,0eb701cd42fe4b918f8cda58d538238e,e341567ee2294dc2,anonymous,anonymous,INFO,,,SPN HTTP access GET /manifest.webmanifest status=200,"{""source.port"":""0""}"
1787607648762-0,2026-08-24T21:40:48.760135089Z,,api,access,GET /modo,success,,,0,,,,code-with-quarkus-pride,ef0f03acfc59415a97c3c90d4e77ee61,c567cf1ec14b47e8,anonymous,anonymous,INFO,,,SPN HTTP access GET /modo status=200,"{""source.port"":""0""}"
1787607648438-0,2026-08-24T21:40:48.434897391Z,,api,access,GET /,success,,,118000000,,,,code-with-quarkus-pride,252175071e2a4cea966f6e38ecd031ea,b735b0988efd4bf6,anonymous,anonymous,INFO,,,SPN HTTP access GET / status=200,"{""source.port"":""0""}"
1787606655089-0,2026-08-24T21:24:15.086354001Z,,api,access,GET /modo,success,,,10000000,,,,code-with-quarkus-pride,cb06a851b02a42a1bf86c12adba8da34,9958b1b1c38e4c4e,anonymous,anonymous,INFO,,,SPN HTTP access GET /modo status=200,"{""source.port"":""0""}"
1787606654680-0,2026-08-24T21:24:14.588980657Z,,api,access,GET /,success,,,887000000,,,,code-with-quarkus-pride,4f51e82caf414a4cace41f280b3fbd66,92dc825c74e946e7,anonymous,anonymous,INFO,,,SPN HTTP access GET / status=200,"{""source.port"":""0""}"
1787588492091-0,2026-08-24T16:21:32.090243014Z,,api,access,GET /modo,success,,,0,,,,code-with-quarkus-pride,0b6c0eb7f7f44f6abd0d1d2b3079fa88,f01686f65ed84f33,anonymous,anonymous,INFO,,,SPN HTTP access GET /modo status=200,"{""source.port"":""0""}"
1787588491946-0,2026-08-24T16:21:31.944846509Z,,api,access,GET /manifest.webmanifest,success,,,0,,,,code-with-quarkus-pride,9b26c8ef7af74ce5b1da24b1382a0591,b858c71a837e4ed3,anonymous,anonymous,INFO,,,SPN HTTP access GET /manifest.webmanifest status=200,"{""source.port"":""0""}"
1787588491819-0,2026-08-24T16:21:31.815957970Z,,api,access,GET /documentacao/java-vs-python,success,,,23000000,,,,code-with-quarkus-pride,2071e05d8c1240ec94ab1a03922eef80,d4cf82652c3043ee,anonymous,anonymous,INFO,,,SPN HTTP access GET /documentacao/java-vs-python status=200,"{""source.port"":""0""}"
1787588477422-0,2026-08-24T16:21:17.414422590Z,,api,access,GET /modo,success,,,1000000,,,,code-with-quarkus-pride,46cdc5f39edc4948afce620d56b71c14,7253594b63bf413d,anonymous,anonymous,INFO,,,SPN HTTP access GET /modo status=200,"{""source.port"":""0""}"
1787588477169-0,2026-08-24T16:21:17.167221750Z,,api,access,GET /manifest.webmanifest,success,,,0,,,,code-with-quarkus-pride,60e4766002974f3ab9e179100397b9d6,12241fb701144157,anonymous,anonymous,INFO,,,SPN HTTP access GET /manifest.webmanifest status=200,"{""source.port"":""0""}"
1787588477036-0,2026-08-24T16:21:17.032691814Z,,api,access,GET /documentacao/apresentacao,success,,,35000000,,,,code-with-quarkus-pride,16c8d5f23990455cb7edce369454d03a,3ec1a1cbbab14998,anonymous,anonymous,INFO,,,SPN HTTP access GET /documentacao/apresentacao status=200,"{""source.port"":""0""}"
1787588338989-0,2026-08-24T16:18:58.984258409Z,,api,access,GET /documentacao/arquitetura,success,,,50000000,,,,code-with-quarkus-pride,74155f335e5f42fe8cdfb1698b249268,faa97bb7edd34a29,anonymous,anonymous,INFO,,,SPN HTTP access GET /documentacao/arquitetura status=200,"{""source.port"":""0""}"
1787588333074-0,2026-08-24T16:18:53.072176869Z,,api,access,GET /modo,success,,,0,,,,code-with-quarkus-pride,2b7cfc432ecb43e8bcc7be6bbfc39f7a,19e5f7aa410a41e9,anonymous,anonymous,INFO,,,SPN HTTP access GET /modo status=200,"{""source.port"":""0""}"
1787588332637-0,2026-08-24T16:18:52.633920302Z,,api,access,GET /manifest.webmanifest,success,,,1000000,,,,code-with-quarkus-pride,e1d9151f4d6b4ed295cfd39333c02533,c5cb827cd6884319,anonymous,anonymous,INFO,,,SPN HTTP access GET /manifest.webmanifest status=200,"{""source.port"":""0""}"
1787588332556-0,2026-08-24T16:18:52.554330852Z,,api,access,GET /documentacao/arquitetura,success,,,52000000,,,,code-with-quarkus-pride,7308965d318c451ca82ef5cd09fbf629,608e5f6747bb4ac1,anonymous,anonymous,INFO,,,SPN HTTP access GET /documentacao/arquitetura status=200,"{""source.port"":""0""}"
1787588327800-0,2026-08-24T16:18:47.798959761Z,,api,access,GET /documentacao/justificativa-stack,success,,,33000000,,,,code-with-quarkus-pride,73edc8bc193849f1b54b2666c481b225,62797bb7ff574402,anonymous,anonymous,INFO,,,SPN HTTP access GET /documentacao/justificativa-stack status=200,"{""source.port"":""0""}"
1787588325229-0,2026-08-24T16:18:45.227836111Z,,api,access,GET /modo,success,,,0,,,,code-with-quarkus-pride,283ed5f9c88e4de5bae0a38afeaa0f95,859ff08da7a6456b,anonymous,anonymous,INFO,,,SPN HTTP access GET /modo status=200,"{""source.port"":""0""}"
1787588324877-0,2026-08-24T16:18:44.876062652Z,,api,access,GET /manifest.webmanifest,success,,,0,,,,code-with-quarkus-pride,9c5b79ade1fa41b09a9cc42c20b93e8c,2e6f4d49a6f94162,anonymous,anonymous,INFO,,,SPN HTTP access GET /manifest.webmanifest status=200,"{""source.port"":""0""}"
1787588324806-0,2026-08-24T16:18:44.801960444Z,,api,access,GET /documentacao/justificativa-stack,success,,,36000000,,,,code-with-quarkus-pride,6b4e22e5b7d14d448856531b1234ec63,92fb50e19d0f489e,anonymous,anonymous,INFO,,,SPN HTTP access GET /documentacao/justificativa-stack status=200,"{""source.port"":""0""}"
1787588322746-0,2026-08-24T16:18:42.743860156Z,,api,access,GET /documentacao/java-vs-python,success,,,35000000,,,,code-with-quarkus-pride,77d7a77f05b945bbb9d8c5b7ff4ed2d8,7d9d0354ed6e4ab7,anonymous,anonymous,INFO,,,SPN HTTP access GET /documentacao/java-vs-python status=200,"{""source.port"":""0""}"
1787588320093-0,2026-08-24T16:18:40.087633923Z,,api,access,GET /modo,success,,,0,,,,code-with-quarkus-pride,e5222aa34a00421ba7e7bf9324b245b4,bb7ecde13f894490,anonymous,anonymous,INFO,,,SPN HTTP access GET /modo status=200,"{""source.port"":""0""}"
1787588319882-0,2026-08-24T16:18:39.881309359Z,,api,access,GET /manifest.webmanifest,success,,,0,,,,code-with-quarkus-pride,85381f52f23449f2bb6dc53ec29c7437,898e00338f3f433e,anonymous,anonymous,INFO,,,SPN HTTP access GET /manifest.webmanifest status=200,"{""source.port"":""0""}"
1787588319809-0,2026-08-24T16:18:39.807936869Z,,api,access,GET /documentacao/java-vs-python,success,,,30000000,,,,code-with-quarkus-pride,5109b6b3ea904ff391f2e3f82037f7c7,f431941aa4f64e0d,anonymous,anonymous,INFO,,,SPN HTTP access GET /documentacao/java-vs-python status=200,"{""source.port"":""0""}"
1787588317052-0,2026-08-24T16:18:37.049069299Z,,api,access,GET /documentacao/apresentacao,success,,,32000000,,,,code-with-quarkus-pride,60e40cf9f2c049599665eba169fa2eb0,e1c1afc3ccb74d26,anonymous,anonymous,INFO,,,SPN HTTP access GET /documentacao/apresentacao status=200,"{""source.port"":""0""}"
1787588303883-0,2026-08-24T16:18:23.882076636Z,,api,access,GET /modo,success,,,0,,,,code-with-quarkus-pride,80faeea57a084d36ac3f2c633c399632,5d49eb374ad04b87,anonymous,anonymous,INFO,,,SPN HTTP access GET /modo status=200,"{""source.port"":""0""}"
1787588303772-0,2026-08-24T16:18:23.771050813Z,,api,access,GET /manifest.webmanifest,success,,,0,,,,code-with-quarkus-pride,aaf199cfebc649a3894dc9108c3eed3b,4f89704140114082,anonymous,anonymous,INFO,,,SPN HTTP access GET /manifest.webmanifest status=200,"{""source.port"":""0""}"
1787588303695-0,2026-08-24T16:18:23.690264566Z,,api,access,GET /documentacao/apresentacao,success,,,52000000,,,,code-with-quarkus-pride,276fca6a708b4674b84cc8f513aec439,5e7df9f588d24c69,anonymous,anonymous,INFO,,,SPN HTTP access GET /documentacao/apresentacao status=200,"{""source.port"":""0""}"
1787588301166-0,2026-08-24T16:18:21.163554498Z,,api,access,GET /modo,success,,,0,,,,code-with-quarkus-pride,29d6188f7562409aab9dc8f4594d312f,0fdd08e0d9fe4bcb,anonymous,anonymous,INFO,,,SPN HTTP access GET /modo status=200,"{""source.port"":""0""}"
1787588301055-0,2026-08-24T16:18:21.053830264Z,,api,access,GET /manifest.webmanifest,success,,,0,,,,code-with-quarkus-pride,7d9e4d20edc642cc81f44735dfd5868c,ed65197bc157420e,anonymous,anonymous,INFO,,,SPN HTTP access GET /manifest.webmanifest status=200,"{""source.port"":""0""}"
1787588300999-0,2026-08-24T16:18:20.996580653Z,,api,access,GET /documentacao,success,,,25000000,,,,code-with-quarkus-pride,058ac3327c794f14a5187cddf6764d50,a156e9d8f2e64fc9,anonymous,anonymous,INFO,,,SPN HTTP access GET /documentacao status=200,"{""source.port"":""0""}"
1787588299506-0,2026-08-24T16:18:19.505446087Z,,api,access,GET /modo,success,,,0,,,,code-with-quarkus-pride,14c1c8a344864575b13e4c5629f15a9c,c1c88b98a7824424,anonymous,anonymous,INFO,,,SPN HTTP access GET /modo status=200,"{""source.port"":""0""}"
1787588299303-0,2026-08-24T16:18:19.302289298Z,,api,access,GET /manifest.webmanifest,success,,,0,,,,code-with-quarkus-pride,a7fd119b42d447fc9e4445d7136497fb,5bd333cf69a34e4b,anonymous,anonymous,INFO,,,SPN HTTP access GET /manifest.webmanifest status=200,"{""source.port"":""0""}"
1787588299124-0,2026-08-24T16:18:19.121689924Z,,api,access,GET /,success,,,78000000,,,,code-with-quarkus-pride,dab53eca04b146c898f6f41273fad14a,33176fa1a1184bb0,anonymous,anonymous,INFO,,,SPN HTTP access GET / status=200,"{""source.port"":""0""}"
1787587265207-0,2026-08-24T16:01:05.203593800Z,,api,access,GET /home/fluxo,success,,,34000000,,,,code-with-quarkus-pride,2b8d34d0218e427193f8a3aa93f8fd00,502e42480a2a476e,anonymous,anonymous,INFO,,,SPN HTTP access GET /home/fluxo status=200,"{""source.port"":""0""}"
1787587265172-0,2026-08-24T16:01:05.171107925Z,,api,access,GET /home/situacao,success,,,1000000,,,,code-with-quarkus-pride,4be7cd8f6c444f768a61ac3b5210c28e,5d847369339047d2,anonymous,anonymous,INFO,,,SPN HTTP access GET /home/situacao status=200,"{""source.port"":""0""}"
1787587265147-0,2026-08-24T16:01:05.146380662Z,,api,access,GET /home/kpis,success,,,15000000,,,,code-with-quarkus-pride,ef5701086fb74d1eb9585cfe11af99f8,836e4128c14f459b,anonymous,anonymous,INFO,,,SPN HTTP access GET /home/kpis status=200,"{""source.port"":""0""}"
1787587250176-0,2026-08-24T16:00:50.175034765Z,,api,access,GET /home/situacao,success,,,1000000,,,,code-with-quarkus-pride,dbaf2d8cd8fd4cb59c8178013c08cbc5,368a6e7093994448,anonymous,anonymous,INFO,,,SPN HTTP access GET /home/situacao status=200,"{""source.port"":""0""}"
1787587235235-0,2026-08-24T16:00:35.233478151Z,,api,access,GET /home/fluxo,success,,,37000000,,,,code-with-quarkus-pride,eff770d57e594bdea322681e91f369b7,bd06593209274a1e,anonymous,anonymous,INFO,,,SPN HTTP access GET /home/fluxo status=200,"{""source.port"":""0""}"
1787587235195-0,2026-08-24T16:00:35.188659149Z,,api,access,GET /home/situacao,success,,,3000000,,,,code-with-quarkus-pride,6306b49d99ce4836ae7de625394bca65,9715404b78804e34,anonymous,anonymous,INFO,,,SPN HTTP access GET /home/situacao status=200,"{""source.port"":""0""}"
1787587235190-0,2026-08-24T16:00:35.184785357Z,,api,access,GET /home/kpis,success,,,40000000,,,,code-with-quarkus-pride,f569a4f4bd2a4065a3aef0e216ab98d1,27b4b7affc8b4838,anonymous,anonymous,INFO,,,SPN HTTP access GET /home/kpis status=200,"{""source.port"":""0""}"
1787587220180-0,2026-08-24T16:00:20.176264862Z,,api,access,GET /home/situacao,success,,,2000000,,,,code-with-quarkus-pride,d58b4deee7ca48ffaede4a7d332e1ee9,bb3b520346eb4598,anonymous,anonymous,INFO,,,SPN HTTP access GET /home/situacao status=200,"{""source.port"":""0""}"
1787587206324-0,2026-08-24T16:00:06.322318717Z,,api,access,GET /home/kpis,success,,,181000000,,,,code-with-quarkus-pride,13d1237e77b845d188dea71a34d9623b,c1297c17b5a347c3,anonymous,anonymous,INFO,,,SPN HTTP access GET /home/kpis status=200,"{""source.port"":""0""}"
1787587206027-0,2026-08-24T16:00:06.002359423Z,,api,access,GET /home/fluxo,success,,,165000000,,,,code-with-quarkus-pride,4dd19cda7d9f4718bbceab6306b7decd,35f1a149d5af4283,anonymous,anonymous,INFO,,,SPN HTTP access GET /home/fluxo status=200,"{""source.port"":""0""}"
1787587205594-0,2026-08-24T16:00:05.354899087Z,,api,access,GET /home/situacao,success,,,16000000,,,,code-with-quarkus-pride,8994068832754ee49e9b8bca94329a2a,b946d370933b41da,anonymous,anonymous,INFO,,,SPN HTTP access GET /home/situacao status=200,"{""source.port"":""0""}"
1787587190135-0,2026-08-24T15:59:50.133223058Z,,api,access,GET /home/situacao,success,,,2000000,,,,code-with-quarkus-pride,396a5f6c6bb34afeb2a0addf0117b0e4,509d672e0d484b70,anonymous,anonymous,INFO,,,SPN HTTP access GET /home/situacao status=200,"{""source.port"":""0""}"
1787587175133-0,2026-08-24T15:59:35.129929164Z,,api,access,GET /modo,success,,,0,,,,code-with-quarkus-pride,635e3bd197164c028e984cf35e63f446,c888d8abb5954050,anonymous,anonymous,INFO,,,SPN HTTP access GET /modo status=200,"{""source.port"":""0""}"
1787587174785-0,2026-08-24T15:59:34.782025752Z,,api,access,GET /manifest.webmanifest,success,,,0,,,,code-with-quarkus-pride,288b213874204914b055d1174497f630,ad7af6a9ba894f1d,anonymous,anonymous,INFO,,,SPN HTTP access GET /manifest.webmanifest status=200,"{""source.port"":""0""}"
1787587174719-0,2026-08-24T15:59:34.717860424Z,,api,access,GET /,success,,,66000000,,,,code-with-quarkus-pride,dc2bc43eace0480b9f3c568ee50965dd,fed95a4941cf4b13,anonymous,anonymous,INFO,,,SPN HTTP access GET / status=200,"{""source.port"":""0""}"
1787587166422-0,2026-08-24T15:59:26.420376661Z,,api,access,GET /modo,success,,,0,,,,code-with-quarkus-pride,2a61999194104cc8a3a03b5eb33929ed,cb2abb5dda6b4fc4,anonymous,anonymous,INFO,,,SPN HTTP access GET /modo status=200,"{""source.port"":""0""}"
1787587166070-0,2026-08-24T15:59:26.068930343Z,,api,access,GET /manifest.webmanifest,success,,,0,,,,code-with-quarkus-pride,2ebb0292ed2c4f4a95fa59f54f8bd996,3340f65367174cde,anonymous,anonymous,INFO,,,SPN HTTP access GET /manifest.webmanifest status=200,"{""source.port"":""0""}"
1787587166020-0,2026-08-24T15:59:26.018809618Z,,api,access,GET /equipe,success,,,6000000,,,,code-with-quarkus-pride,2b2cf25415744ff59223d488452eddad,85f1c16098674a39,anonymous,anonymous,INFO,,,SPN HTTP access GET /equipe status=200,"{""source.port"":""0""}"
1787587162442-0,2026-08-24T15:59:22.440612920Z,,api,access,GET /modo,success,,,0,,,,code-with-quarkus-pride,1b8fc8b8bbff425eb8e87766e5822a84,3c34ce88c9774a0f,anonymous,anonymous,INFO,,,SPN HTTP access GET /modo status=200,"{""source.port"":""0""}"
1787587162100-0,2026-08-24T15:59:22.098585954Z,,api,access,GET /manifest.webmanifest,success,,,0,,,,code-with-quarkus-pride,c264eca34e4649e99967b14c8e74c9c5,f16c6b19c5824655,anonymous,anonymous,INFO,,,SPN HTTP access GET /manifest.webmanifest status=200,"{""source.port"":""0""}"
1787587162036-0,2026-08-24T15:59:22.034709788Z,,api,access,GET /,success,,,71000000,,,,code-with-quarkus-pride,36256815daf94f5eab7107cc218c4ab5,6f1872aac3634efe,anonymous,anonymous,INFO,,,SPN HTTP access GET / status=200,"{""source.port"":""0""}"
1787587159633-0,2026-08-24T15:59:19.631817746Z,,api,access,GET /modo,success,,,0,,,,code-with-quarkus-pride,f524622345ee433bb2a38508985be0cd,fcc8f78ba4054109,anonymous,anonymous,INFO,,,SPN HTTP access GET /modo status=200,"{""source.port"":""0""}"
1787587159255-0,2026-08-24T15:59:19.251333672Z,,api,access,GET /manifest.webmanifest,success,,,0,,,,code-with-quarkus-pride,0b9ade6fa89e4eccb6c58ae824b9ca95,47c7e848cd164a5f,anonymous,anonymous,INFO,,,SPN HTTP access GET /manifest.webmanifest status=200,"{""source.port"":""0""}"
1787587158897-0,2026-08-24T15:59:18.895616560Z,,api,access,GET /ia-api,success,,,14000000,,,,code-with-quarkus-pride,373cdadf53ee4ffa8c5e28c3a3d79ad3,630a3c9e504a476f,anonymous,anonymous,INFO,,,SPN HTTP access GET /ia-api status=200,"{""source.port"":""0""}"
1787587152465-0,2026-08-24T15:59:12.463612059Z,,api,access,GET /modo,success,,,0,,,,code-with-quarkus-pride,62faa8471cab49c5a87ca4380ef81125,ecf3079142604fa8,anonymous,anonymous,INFO,,,SPN HTTP access GET /modo status=200,"{""source.port"":""0""}"
1787587151905-0,2026-08-24T15:59:11.904052151Z,,api,access,GET /manifest.webmanifest,success,,,0,,,,code-with-quarkus-pride,b563939b62d348efa4add2269f13000c,4885de01caa94fff,anonymous,anonymous,INFO,,,SPN HTTP access GET /manifest.webmanifest status=200,"{""source.port"":""0""}"
1787587151851-0,2026-08-24T15:59:11.849060815Z,,api,access,GET /relatorios,success,,,96000000,,,,code-with-quarkus-pride,c16feb070d794cdf8780bcdfb6c4ddb2,c036ef0d2dfb4272,anonymous,anonymous,INFO,,,SPN HTTP access GET /relatorios status=200,"{""source.port"":""0""}"
1787587145237-0,2026-08-24T15:59:05.234967550Z,,api,access,GET /modo,success,,,0,,,,code-with-quarkus-pride,69ff50e561e54bea8fd1bab4bbaecd00,73a16a88a79b45b8,anonymous,anonymous,INFO,,,SPN HTTP access GET /modo status=200,"{""source.port"":""0""}"
1787587145156-0,2026-08-24T15:59:05.154515920Z,,api,access,GET /manifest.webmanifest,success,,,0,,,,code-with-quarkus-pride,9573fcdea37e4476a3fd851b4400b341,3c0f0fb3e151470e,anonymous,anonymous,INFO,,,SPN HTTP access GET /manifest.webmanifest status=200,"{""source.port"":""0""}"
1787587145094-0,2026-08-24T15:59:05.090836195Z,,api,access,GET /equipe,success,,,1000000,,,,code-with-quarkus-pride,0ae34dd12e384b688d1c58391e8c71da,367bf625f709462f,anonymous,anonymous,INFO,,,SPN HTTP access GET /equipe status=200,"{""source.port"":""0""}"
1787587142726-0,2026-08-24T15:59:02.722855724Z,,api,access,GET /modo,success,,,0,,,,code-with-quarkus-pride,7672ee936b204a7ba90f6115bf9719c6,a72886d17c514fc7,anonymous,anonymous,INFO,,,SPN HTTP access GET /modo status=200,"{""source.port"":""0""}"
1787587142517-0,2026-08-24T15:59:02.516253814Z,,api,access,GET /manifest.webmanifest,success,,,0,,,,code-with-quarkus-pride,5f2b8df6121d4b29bad1454ffb053393,ae6c3a9ddac84cb4,anonymous,anonymous,INFO,,,SPN HTTP access GET /manifest.webmanifest status=200,"{""source.port"":""0""}"
1787587142409-0,2026-08-24T15:59:02.400286640Z,,api,access,GET /documentacao,success,,,18000000,,,,code-with-quarkus-pride,63f064cab8054bbdb8e699d8a8878f09,895338953b0846c3,anonymous,anonymous,INFO,,,SPN HTTP access GET /documentacao status=200,"{""source.port"":""0""}"
1787586460095-0,2026-08-24T15:47:40.093321983Z,,api,access,GET /modo,success,,,0,,,,code-with-quarkus-pride,926b738085cc4522a0172a3b6551ebb6,50ea97f69b404691,anonymous,anonymous,INFO,,,SPN HTTP access GET /modo status=200,"{""source.port"":""0""}"
1787586459996-0,2026-08-24T15:47:39.994539029Z,,api,access,GET /manifest.webmanifest,success,,,0,,,,code-with-quarkus-pride,c9da34b3f9c74562a349c9d900cc2b10,b4574abc1bcf46ee,anonymous,anonymous,INFO,,,SPN HTTP access GET /manifest.webmanifest status=200,"{""source.port"":""0""}"
1787586459911-0,2026-08-24T15:47:39.907533644Z,,api,access,GET /,success,,,114000000,,,,code-with-quarkus-pride,0484331929904c3cbf3f6a28f4032928,d9b84a4045574e78,anonymous,anonymous,INFO,,,SPN HTTP access GET / status=200,"{""source.port"":""0""}"
1787586442787-0,2026-08-24T15:47:22.783403062Z,,api,access,GET /modo,success,,,1000000,,,,code-with-quarkus-pride,96a3cc6a782f4de1a4cb0d58abfec88d,11d4faa4f68b4c27,anonymous,anonymous,INFO,,,SPN HTTP access GET /modo status=200,"{""source.port"":""0""}"
1787586442650-0,2026-08-24T15:47:22.645825647Z,,api,access,GET /manifest.webmanifest,success,,,0,,,,code-with-quarkus-pride,34024ebd129f48a7a11b325ef21e044f,889578a06cf44b98,anonymous,anonymous,INFO,,,SPN HTTP access GET /manifest.webmanifest status=200,"{""source.port"":""0""}"
1787586442580-0,2026-08-24T15:47:22.578643536Z,,api,access,GET /documentacao,success,,,15000000,,,,code-with-quarkus-pride,b29d01d98c3b4bf0a457d8173f01a94f,bf70f5a599954967,anonymous,anonymous,INFO,,,SPN HTTP access GET /documentacao status=200,"{""source.port"":""0""}"
1787586441147-0,2026-08-24T15:47:21.145769493Z,,api,access,GET /modo,success,,,0,,,,code-with-quarkus-pride,578d407899d84d9e89a03da4f0535fe5,b70ff60d02eb48e1,anonymous,anonymous,INFO,,,SPN HTTP access GET /modo status=200,"{""source.port"":""0""}"
1787586441051-0,2026-08-24T15:47:21.049805452Z,,api,access,GET /manifest.webmanifest,success,,,0,,,,code-with-quarkus-pride,570e31fcf7994a1c80cac37bc31e7ce8,ecaf3561439e4b0e,anonymous,anonymous,INFO,,,SPN HTTP access GET /manifest.webmanifest status=200,"{""source.port"":""0""}"
1787586440983-0,2026-08-24T15:47:20.981751633Z,,api,access,GET /documentacao,success,,,14000000,,,,code-with-quarkus-pride,790b281561614171a25884b0e009a71a,629eda8162c64c3b,anonymous,anonymous,INFO,,,SPN HTTP access GET /documentacao status=200,"{""source.port"":""0""}"
1787586439133-0,2026-08-24T15:47:19.131468397Z,,api,access,GET /modo,success,,,0,,,,code-with-quarkus-pride,b4cb1a5dc8b54621a5dc910c18ebdbed,414f7eb04e0e446d,anonymous,anonymous,INFO,,,SPN HTTP access GET /modo status=200,"{""source.port"":""0""}"
1787586438963-0,2026-08-24T15:47:18.959917882Z,,api,access,GET /manifest.webmanifest,success,,,0,,,,code-with-quarkus-pride,d6c52d8313b840c1b80eb906299a8ff5,301ae4cfdd8a40e8,anonymous,anonymous,INFO,,,SPN HTTP access GET /manifest.webmanifest status=200,"{""source.port"":""0""}"
1787586438884-0,2026-08-24T15:47:18.881576195Z,,api,access,GET /documentacao,success,,,14000000,,,,code-with-quarkus-pride,a651901fc5d64584bc3e088157105d90,ada5b71bf74e4188,anonymous,anonymous,INFO,,,SPN HTTP access GET /documentacao status=200,"{""source.port"":""0""}"
1787586398936-0,2026-08-24T15:46:38.935015030Z,,api,access,GET /modo,success,,,0,,,,code-with-quarkus-pride,675b0e4424e24d1d8571e3ed08146f51,73689174378d4633,anonymous,anonymous,INFO,,,SPN HTTP access GET /modo status=200,"{""source.port"":""0""}"
1787586398796-0,2026-08-24T15:46:38.794390737Z,,api,access,GET /manifest.webmanifest,success,,,0,,,,code-with-quarkus-pride,cbcbaba6c9dd40dc93634da2cf0f72a3,a27d007dd80347b6,anonymous,anonymous,INFO,,,SPN HTTP access GET /manifest.webmanifest status=200,"{""source.port"":""0""}"
1787586398668-0,2026-08-24T15:46:38.666779594Z,,api,access,GET /equipe,success,,,6000000,,,,code-with-quarkus-pride,ecfcc483c082428592deeb0bf922cf5a,a236c4ea0841453d,anonymous,anonymous,INFO,,,SPN HTTP access GET /equipe status=200,"{""source.port"":""0""}"
1787586281274-0,2026-08-24T15:44:41.271295083Z,,api,access,GET /modo,success,,,0,,,,code-with-quarkus-pride,6ee2029aab474ce8bf7f52b68c6cfa2e,a284840e2fd04463,anonymous,anonymous,INFO,,,SPN HTTP access GET /modo status=200,"{""source.port"":""0""}"
1787586280857-0,2026-08-24T15:44:40.855081550Z,,api,access,GET /manifest.webmanifest,success,,,0,,,,code-with-quarkus-pride,ec21bc655d9742619b6e9213d3f39cd3,05f222947a5c43e3,anonymous,anonymous,INFO,,,SPN HTTP access GET /manifest.webmanifest status=200,"{""source.port"":""0""}"
1787586280729-0,2026-08-24T15:44:40.722058473Z,,api,access,GET /documentacao/justificativa-stack,success,,,42000000,,,,code-with-quarkus-pride,b82b19a85f0c4474b02ce4caa2a1a4de,8942fe854bf3490c,anonymous,anonymous,INFO,,,SPN HTTP access GET /documentacao/justificativa-stack status=200,"{""source.port"":""0""}"
1787586222647-0,2026-08-24T15:43:42.645425068Z,,api,access,GET /modo,success,,,0,,,,code-with-quarkus-pride,58fc33ca68e64d1d92bf3d7cf67d6812,e665033b3ba54103,anonymous,anonymous,INFO,,,SPN HTTP access GET /modo status=200,"{""source.port"":""0""}"
1787586222041-0,2026-08-24T15:43:42.039593650Z,,api,access,GET /manifest.webmanifest,success,,,0,,,,code-with-quarkus-pride,b7541cc51bda40b19e683c992cfe3590,912b904c82d64944,anonymous,anonymous,INFO,,,SPN HTTP access GET /manifest.webmanifest status=200,"{""source.port"":""0""}"
1787586221976-0,2026-08-24T15:43:41.972299130Z,,api,access,GET /documentacao/java-vs-python,success,,,40000000,,,,code-with-quarkus-pride,30efddefad244ced97bbf585aba33406,c5ee46bd674f4f35,anonymous,anonymous,INFO,,,SPN HTTP access GET /documentacao/java-vs-python status=200,"{""source.port"":""0""}"
1787586219026-0,2026-08-24T15:43:39.024880717Z,,api,access,GET /modo,success,,,0,,,,code-with-quarkus-pride,bb19e19e9ec44174bef3db507587def5,857cae0e648749b6,anonymous,anonymous,INFO,,,SPN HTTP access GET /modo status=200,"{""source.port"":""0""}"
1787586218958-0,2026-08-24T15:43:38.955502850Z,,api,access,GET /manifest.webmanifest,success,,,0,,,,code-with-quarkus-pride,56774f05ec144721956b37035f65c325,6e961ad36f1d42c3,anonymous,anonymous,INFO,,,SPN HTTP access GET /manifest.webmanifest status=200,"{""source.port"":""0""}"
1787586218868-0,2026-08-24T15:43:38.867207343Z,,api,access,GET /documentacao,success,,,19000000,,,,code-with-quarkus-pride,01c5abb729a740dab496ca3c5e0270dd,e6ff00f73a6f45b6,anonymous,anonymous,INFO,,,SPN HTTP access GET /documentacao status=200,"{""source.port"":""0""}"
1787586216574-0,2026-08-24T15:43:36.571629675Z,,api,access,GET /manifest.webmanifest,success,,,2000000,,,,code-with-quarkus-pride,29e33a30a74c4b63837ac07860f77220,4cc08740a2f54acb,anonymous,anonymous,INFO,,,SPN HTTP access GET /manifest.webmanifest status=200,"{""source.port"":""0""}"
1787586216416-0,2026-08-24T15:43:36.414117531Z,,api,access,GET /modo,success,,,9000000,,,,code-with-quarkus-pride,47aba88b993041f39bc13c9ef9cbbe60,49c6e0b750a04638,anonymous,anonymous,INFO,,,SPN HTTP access GET /modo status=200,"{""source.port"":""0""}"
1787586215300-0,2026-08-24T15:43:35.298674082Z,,api,access,GET /,success,,,65000000,,,,code-with-quarkus-pride,ac59d98553964249b84779f61c92ec30,1bdd86b703f6463a,anonymous,anonymous,INFO,,,SPN HTTP access GET / status=200,"{""source.port"":""0""}"
1787585745951-0,2026-08-24T15:35:45.946232063Z,,api,access,GET /documentacao/java-vs-python,success,,,50000000,,,,code-with-quarkus-pride,d0e9491bc9644cdb94b11c11b87862ec,7d5e396cba0a4dfa,anonymous,anonymous,INFO,,,SPN HTTP access GET /documentacao/java-vs-python status=200,"{""source.port"":""0""}"
1787585730959-0,2026-08-24T15:35:30.955936261Z,,api,access,GET /documentacao,success,,,17000000,,,,code-with-quarkus-pride,edb60f2b4510450abfab2b963d751018,e3f1c1c531fd46fe,anonymous,anonymous,INFO,,,SPN HTTP access GET /documentacao status=200,"{""source.port"":""0""}"
1787585730776-0,2026-08-24T15:35:30.774334657Z,,api,access,GET /documentacao/apresentacao,success,,,59000000,,,,code-with-quarkus-pride,857f72b1628d406dbcc2d56448c1fc27,11578bdcf66a45b0,anonymous,anonymous,INFO,,,SPN HTTP access GET /documentacao/apresentacao status=200,"{""source.port"":""0""}"
1787585730545-0,2026-08-24T15:35:30.539744794Z,,api,access,GET /documentacao/java-vs-python,success,,,193000000,,,,code-with-quarkus-pride,e7a8390a100f4b469275e55aea691833,a0f51ebecda54414,anonymous,anonymous,INFO,,,SPN HTTP access GET /documentacao/java-vs-python status=200,"{""source.port"":""0""}"
1787585716546-0,2026-08-24T15:35:16.542276705Z,,api,access,GET /,success,,,55000000,,,,code-with-quarkus-pride,f6187ccf2f674879b4481283f2e52122,9dcf9669393146a6,anonymous,anonymous,INFO,,,SPN HTTP access GET / status=200,"{""source.port"":""0""}"
1787585716395-0,2026-08-24T15:35:16.392124152Z,,api,access,GET /,success,,,113000000,,,,code-with-quarkus-pride,9cb29e59c6ff43f1bfd0f5cafaddd817,42fa3f98e8f643e3,anonymous,anonymous,INFO,,,SPN HTTP access GET / status=200,"{""source.port"":""0""}"
1787585715979-0,2026-08-24T15:35:15.964629552Z,,api,access,GET /,success,,,632000000,,,,code-with-quarkus-pride,f1d288b8129743168877676a9218bc83,161ebcc8d9114a5c,anonymous,anonymous,INFO,,,SPN HTTP access GET / status=200,"{""source.port"":""0""}"
1787585532677-0,2026-08-24T15:32:12.673985466Z,,api,access,GET /documentacao,success,,,43000000,,,,code-with-quarkus-pride,74934e6fe5984f21b342881659808747,3059ac6e70bc4927,anonymous,anonymous,INFO,,,SPN HTTP access GET /documentacao status=200,"{""source.port"":""0""}"
1787585532443-0,2026-08-24T15:32:12.440393267Z,,api,access,GET /documentacao/apresentacao,success,,,213000000,,,,code-with-quarkus-pride,a2b44dcbc33142c7a0ebc291ba630ebb,b80962d0d4fc4d24,anonymous,anonymous,INFO,,,SPN HTTP access GET /documentacao/apresentacao status=200,"{""source.port"":""0""}"
1787585532106-0,2026-08-24T15:32:11.965127323Z,,api,access,GET /documentacao/java-vs-python,failure,,,1008000000,,,,code-with-quarkus-pride,8e2c4a7c2d764ec5aa5649e8d6f4f940,95dc6813c29f4d23,anonymous,anonymous,INFO,,,SPN HTTP access GET /documentacao/java-vs-python status=404,"{""source.port"":""0""}"
1787584120114-0,2026-08-24T15:08:40.108529466Z,,api,access,GET /documentacao/apresentacao,success,,,59000000,,,,code-with-quarkus-pride,883ff976415b44f786796803b3f455b6,e3613e44ad954b6c,anonymous,anonymous,INFO,,,SPN HTTP access GET /documentacao/apresentacao status=200,"{""source.port"":""0""}"
1787584119341-0,2026-08-24T15:08:39.328516658Z,,api,access,GET /documentacao/apresentacao,success,,,360000000,,,,code-with-quarkus-pride,3104aca7f9904a9aae51f1cc748a521d,cafe423605c346f7,anonymous,anonymous,INFO,,,SPN HTTP access GET /documentacao/apresentacao status=200,"{""source.port"":""0""}"
1787584098296-0,2026-08-24T15:08:18.291750053Z,,api,access,GET /,success,,,126000000,,,,code-with-quarkus-pride,d39b702693624e2aab94eca07777e86d,76167f379fab4a45,anonymous,anonymous,INFO,,,SPN HTTP access GET / status=200,"{""source.port"":""0""}"
1787584098083-0,2026-08-24T15:08:18.078629074Z,,api,access,GET /,success,,,179000000,,,,code-with-quarkus-pride,2adbf093fc0d4d0abbc6801ace15c541,5c7f9ba40647444c,anonymous,anonymous,INFO,,,SPN HTTP access GET / status=200,"{""source.port"":""0""}"
1787584097620-0,2026-08-24T15:08:17.609080891Z,,api,access,GET /,success,,,794000000,,,,code-with-quarkus-pride,cd7b4333171448a5a7346663d56bfcdd,803a1d95959d45c9,anonymous,anonymous,INFO,,,SPN HTTP access GET / status=200,"{""source.port"":""0""}"
1787584076831-0,2026-08-24T15:07:56.827459491Z,,api,access,GET /modo,success,,,0,,,,code-with-quarkus-pride,14b8a44711e24469b819e55dda5a3739,7d73e9e01f0d453b,anonymous,anonymous,INFO,,,SPN HTTP access GET /modo status=200,"{""source.port"":""0""}"
1787584076370-0,2026-08-24T15:07:56.359353386Z,,api,access,GET /manifest.webmanifest,success,,,0,,,,code-with-quarkus-pride,744dd7b09dda4c80b0d4b7b40b2395bd,4fce9618b90d4e88,anonymous,anonymous,INFO,,,SPN HTTP access GET /manifest.webmanifest status=200,"{""source.port"":""0""}"
1787584076268-0,2026-08-24T15:07:56.265710859Z,,api,access,GET /documentacao/engenharia,success,,,38000000,,,,code-with-quarkus-pride,7755147628754f318c41b519699d8246,8edde59e577d4d5d,anonymous,anonymous,INFO,,,SPN HTTP access GET /documentacao/engenharia status=200,"{""source.port"":""0""}"
1787584031403-0,2026-08-24T15:07:11.398692343Z,,api,access,GET /modo,success,,,2000000,,,,code-with-quarkus-pride,321dec04c5044054b55e5aadfaa67784,c43f9fd7c6a24b99,anonymous,anonymous,INFO,,,SPN HTTP access GET /modo status=200,"{""source.port"":""0""}"
1787584031251-0,2026-08-24T15:07:11.247311695Z,,api,access,GET /manifest.webmanifest,success,,,1000000,,,,code-with-quarkus-pride,659578d0485e415aa6c3378dff325022,a351e918bd4948a2,anonymous,anonymous,INFO,,,SPN HTTP access GET /manifest.webmanifest status=200,"{""source.port"":""0""}"
1787584031161-0,2026-08-24T15:07:11.159294680Z,,api,access,GET /documentacao/apresentacao,success,,,40000000,,,,code-with-quarkus-pride,8c03dda220fb4ee6a06c4c804c1efba9,1702803f84b44286,anonymous,anonymous,INFO,,,SPN HTTP access GET /documentacao/apresentacao status=200,"{""source.port"":""0""}"
1787584006117-0,2026-08-24T15:06:46.112774190Z,,api,access,GET /modo,success,,,0,,,,code-with-quarkus-pride,de4705fea4e3492aa1baae07d496eed0,c569ec00eda6496f,anonymous,anonymous,INFO,,,SPN HTTP access GET /modo status=200,"{""source.port"":""0""}"
1787584005868-0,2026-08-24T15:06:45.865455542Z,,api,access,GET /manifest.webmanifest,success,,,0,,,,code-with-quarkus-pride,093c5b92869f4b47925a3beae0088d37,ce9e55de91544ba1,anonymous,anonymous,INFO,,,SPN HTTP access GET /manifest.webmanifest status=200,"{""source.port"":""0""}"
1787584005767-0,2026-08-24T15:06:45.761368275Z,,api,access,GET /documentacao/visao-geral,success,,,67000000,,,,code-with-quarkus-pride,7a30eee010b04a0dbce603523676754b,a2ae51e48d7447da,anonymous,anonymous,INFO,,,SPN HTTP access GET /documentacao/visao-geral status=200,"{""source.port"":""0""}"
1787583971874-0,2026-08-24T15:06:11.865759694Z,,api,access,GET /modo,success,,,1000000,,,,code-with-quarkus-pride,a3c53fcd27e040d8a7ccb2b03e33614f,749a9e7530f04d70,anonymous,anonymous,INFO,,,SPN HTTP access GET /modo status=200,"{""source.port"":""0""}"
1787583971623-0,2026-08-24T15:06:11.621217014Z,,api,access,GET /manifest.webmanifest,success,,,0,,,,code-with-quarkus-pride,9a6e3d840e254a29a97fb993e3ecd0bc,ec151c33ae8c4853,anonymous,anonymous,INFO,,,SPN HTTP access GET /manifest.webmanifest status=200,"{""source.port"":""0""}"
1787583971541-0,2026-08-24T15:06:11.534370397Z,,api,access,GET /documentacao/docker-deploy,success,,,66000000,,,,code-with-quarkus-pride,b5b43c53be1840fbbeccde63ec293d9b,1ecdb55732d341cc,anonymous,anonymous,INFO,,,SPN HTTP access GET /documentacao/docker-deploy status=200,"{""source.port"":""0""}"
1787583959334-0,2026-08-24T15:05:59.332479433Z,,api,access,GET /modo,success,,,0,,,,code-with-quarkus-pride,b53eba63a50f48be9f51935150dd8d08,192de461c8df4261,anonymous,anonymous,INFO,,,SPN HTTP access GET /modo status=200,"{""source.port"":""0""}"
1787583959210-0,2026-08-24T15:05:59.205610951Z,,api,access,GET /manifest.webmanifest,success,,,0,,,,code-with-quarkus-pride,2f72067d9cad4a6d9ece17a9739d0b9d,cebca134a09e401c,anonymous,anonymous,INFO,,,SPN HTTP access GET /manifest.webmanifest status=200,"{""source.port"":""0""}"
1787583959138-0,2026-08-24T15:05:59.132170065Z,,api,access,GET /documentacao/apresentacao,success,,,48000000,,,,code-with-quarkus-pride,06607d31009141929d83298d16d1ecc7,bbcd17c03d684183,anonymous,anonymous,INFO,,,SPN HTTP access GET /documentacao/apresentacao status=200,"{""source.port"":""0""}"
1787583952651-0,2026-08-24T15:05:52.645935141Z,,api,access,GET /modo,success,,,0,,,,code-with-quarkus-pride,faaea8a99b6b483f81d820745ad5f00e,20090183319047a6,anonymous,anonymous,INFO,,,SPN HTTP access GET /modo status=200,"{""source.port"":""0""}"
1787583952428-0,2026-08-24T15:05:52.426289933Z,,api,access,GET /manifest.webmanifest,success,,,0,,,,code-with-quarkus-pride,c037e53d4a4d4d29a3c2a0d08e358c5f,665142475e0e4a2d,anonymous,anonymous,INFO,,,SPN HTTP access GET /manifest.webmanifest status=200,"{""source.port"":""0""}"
1787583952352-0,2026-08-24T15:05:52.345722164Z,,api,access,GET /documentacao/visao-geral,success,,,45000000,,,,code-with-quarkus-pride,002a1cfdcf1245a2af362c38566d2186,446b702d96714047,anonymous,anonymous,INFO,,,SPN HTTP access GET /documentacao/visao-geral status=200,"{""source.port"":""0""}"
1787583951911-0,2026-08-24T15:05:51.908255114Z,,api,access,GET /modo,success,,,0,,,,code-with-quarkus-pride,33f9b1f8b9b443bdb54b28bac0a29e34,d3542d202bb64c14,anonymous,anonymous,INFO,,,SPN HTTP access GET /modo status=200,"{""source.port"":""0""}"
1787583951457-0,2026-08-24T15:05:51.454139089Z,,api,access,GET /manifest.webmanifest,success,,,0,,,,code-with-quarkus-pride,ab324c851171402baff2e7e670aefc72,5e830b288178490e,anonymous,anonymous,INFO,,,SPN HTTP access GET /manifest.webmanifest status=200,"{""source.port"":""0""}"
1787583951373-0,2026-08-24T15:05:51.370583156Z,,api,access,GET /documentacao/arquitetura,success,,,55000000,,,,code-with-quarkus-pride,75981651254d4041aa9aeef6ae2447cd,86a7978675554f57,anonymous,anonymous,INFO,,,SPN HTTP access GET /documentacao/arquitetura status=200,"{""source.port"":""0""}"
1787583949191-0,2026-08-24T15:05:49.185510210Z,,api,access,GET /modo,success,,,0,,,,code-with-quarkus-pride,299e53d1ade74a269ae206cd1fbf2095,4acdbf2b6287445b,anonymous,anonymous,INFO,,,SPN HTTP access GET /modo status=200,"{""source.port"":""0""}"
1787583948924-0,2026-08-24T15:05:48.916957744Z,,api,access,GET /manifest.webmanifest,success,,,0,,,,code-with-quarkus-pride,1eafaf04d1574caca8fce5186c29a502,7fae7a126c7e4a4f,anonymous,anonymous,INFO,,,SPN HTTP access GET /manifest.webmanifest status=200,"{""source.port"":""0""}"
1787583948846-0,2026-08-24T15:05:48.831333248Z,,api,access,GET /documentacao/ia-local,success,,,95000000,,,,code-with-quarkus-pride,39ca54edc5e6416b91d890f09887a2f3,a85a04a5e8f14371,anonymous,anonymous,INFO,,,SPN HTTP access GET /documentacao/ia-local status=200,"{""source.port"":""0""}"
1787583946392-0,2026-08-24T15:05:46.390327087Z,,api,access,GET /modo,success,,,0,,,,code-with-quarkus-pride,5519aed8ba9548459242a5c3b158523e,aef75c69728244a6,anonymous,anonymous,INFO,,,SPN HTTP access GET /modo status=200,"{""source.port"":""0""}"
1787583946113-0,2026-08-24T15:05:46.107590509Z,,api,access,GET /manifest.webmanifest,success,,,0,,,,code-with-quarkus-pride,3eae497cb4f34648bdfbf0787ad5ebff,dc21305d18ef4495,anonymous,anonymous,INFO,,,SPN HTTP access GET /manifest.webmanifest status=200,"{""source.port"":""0""}"
1787583946035-0,2026-08-24T15:05:46.028294004Z,,api,access,GET /documentacao/motor-de-scan,success,,,71000000,,,,code-with-quarkus-pride,2aec1486864c4dbca0dd30c4ae2f1682,5c85cb61b9274dc6,anonymous,anonymous,INFO,,,SPN HTTP access GET /documentacao/motor-de-scan status=200,"{""source.port"":""0""}"
1787583941443-0,2026-08-24T15:05:41.439750950Z,,api,access,GET /modo,success,,,0,,,,code-with-quarkus-pride,acca4f5369d14093a49b138ff70bf68a,c82a1a655e8f4984,anonymous,anonymous,INFO,,,SPN HTTP access GET /modo status=200,"{""source.port"":""0""}"
1787583940853-0,2026-08-24T15:05:40.843612186Z,,api,access,GET /manifest.webmanifest,success,,,0,,,,code-with-quarkus-pride,d15471944dc345789c746d9f3af8150e,7b8a321209f74322,anonymous,anonymous,INFO,,,SPN HTTP access GET /manifest.webmanifest status=200,"{""source.port"":""0""}"
1787583940632-0,2026-08-24T15:05:40.628473725Z,,api,access,GET /documentacao/visao-geral,success,,,140000000,,,,code-with-quarkus-pride,b1171ec015c54106a04939ab7bf24184,90aff8d5e543494a,anonymous,anonymous,INFO,,,SPN HTTP access GET /documentacao/visao-geral status=200,"{""source.port"":""0""}"
1787583939003-0,2026-08-24T15:05:38.998108603Z,,api,access,GET /modo,success,,,0,,,,code-with-quarkus-pride,d7ebbcb2bad94204b3f433a784e8c3a9,b053c4be7ed54f21,anonymous,anonymous,INFO,,,SPN HTTP access GET /modo status=200,"{""source.port"":""0""}"
1787583938938-0,2026-08-24T15:05:38.934394946Z,,api,access,GET /manifest.webmanifest,success,,,0,,,,code-with-quarkus-pride,de66c7215db14ff39e3812c8696f77fd,ad614cabb87241e5,anonymous,anonymous,INFO,,,SPN HTTP access GET /manifest.webmanifest status=200,"{""source.port"":""0""}"
1787583938840-0,2026-08-24T15:05:38.838733079Z,,api,access,GET /documentacao,success,,,31000000,,,,code-with-quarkus-pride,f1da35da32a94d7c88784532a33ec465,46fb2c333ec6483d,anonymous,anonymous,INFO,,,SPN HTTP access GET /documentacao status=200,"{""source.port"":""0""}"
1787583936786-0,2026-08-24T15:05:36.778215651Z,,api,access,GET /modo,success,,,1000000,,,,code-with-quarkus-pride,741aeea31cbb46cfbda380aeb4c17f51,2fc25852f3e74cee,anonymous,anonymous,INFO,,,SPN HTTP access GET /modo status=200,"{""source.port"":""0""}"
1787583936553-0,2026-08-24T15:05:36.543994106Z,,api,access,GET /manifest.webmanifest,success,,,7000000,,,,code-with-quarkus-pride,534530fbe46f4f969cd30ff4da795d14,3a692f40c4d14314,anonymous,anonymous,INFO,,,SPN HTTP access GET /manifest.webmanifest status=200,"{""source.port"":""0""}"
1787583936032-0,2026-08-24T15:05:36.029269843Z,,api,access,GET /,success,,,186000000,,,,code-with-quarkus-pride,698b79c662bf4aec94953578bc298c48,1ddae06960504246,anonymous,anonymous,INFO,,,SPN HTTP access GET / status=200,"{""source.port"":""0""}"
1787583675150-0,2026-08-24T15:01:15.129375277Z,,api,access,GET /documentacao/apresentacao,success,,,582000000,,,,code-with-quarkus-pride,fb78e8092799459e87fd8f13d4c46f2e,f938637dafb64ae9,anonymous,anonymous,INFO,,,SPN HTTP access GET /documentacao/apresentacao status=200,"{""source.port"":""0""}"
1787583665094-0,2026-08-24T15:01:05.088194369Z,,api,access,GET /,success,,,162000000,,,,code-with-quarkus-pride,833c70407aae4df08ea0a0497b3736c5,a408d9097cf244b0,anonymous,anonymous,INFO,,,SPN HTTP access GET / status=200,"{""source.port"":""0""}"
1787583664829-0,2026-08-24T15:01:04.827165509Z,,api,access,GET /,success,,,139000000,,,,code-with-quarkus-pride,23045077072940a5a239a3a3845351f2,64bf71bd9f104ab9,anonymous,anonymous,INFO,,,SPN HTTP access GET / status=200,"{""source.port"":""0""}"
1787583664558-0,2026-08-24T15:01:04.549039674Z,,api,access,GET /,success,,,1015000000,,,,code-with-quarkus-pride,d94ec964ae884a9db3046c7e5e20d53a,dbed3d7ba428450b,anonymous,anonymous,INFO,,,SPN HTTP access GET / status=200,"{""source.port"":""0""}"
1787583577912-0,2026-08-24T14:59:37.908490289Z,,api,access,GET /modo,success,,,0,,,,code-with-quarkus-pride,f90d58334fbc44199f269859a34ef436,07255aa2297047e1,anonymous,anonymous,INFO,,,SPN HTTP access GET /modo status=200,"{""source.port"":""0""}"
1787583577544-0,2026-08-24T14:59:37.541843653Z,,api,access,GET /manifest.webmanifest,success,,,0,,,,code-with-quarkus-pride,e4d377e31f954dfb863ce0080eaedd52,8dbb135739f74586,anonymous,anonymous,INFO,,,SPN HTTP access GET /manifest.webmanifest status=200,"{""source.port"":""0""}"
1787583577482-0,2026-08-24T14:59:37.471719625Z,,api,access,GET /documentacao,success,,,21000000,,,,code-with-quarkus-pride,85f6d6c8a9514ccab0b192d8864e5ef3,8c2905924a354d21,anonymous,anonymous,INFO,,,SPN HTTP access GET /documentacao status=200,"{""source.port"":""0""}"
1787583556811-0,2026-08-24T14:59:16.806074745Z,,api,access,GET /modo,success,,,0,,,,code-with-quarkus-pride,da89460422cd42a2b1db71468a24a48a,2a89bd34f2994563,anonymous,anonymous,INFO,,,SPN HTTP access GET /modo status=200,"{""source.port"":""0""}"
1787583556327-0,2026-08-24T14:59:16.321025697Z,,api,access,GET /manifest.webmanifest,success,,,0,,,,code-with-quarkus-pride,4a68e679c22c4c2992c270fd15a322d5,9600e58737434159,anonymous,anonymous,INFO,,,SPN HTTP access GET /manifest.webmanifest status=200,"{""source.port"":""0""}"
1787583556238-0,2026-08-24T14:59:16.235736817Z,,api,access,GET /documentacao/equipe,success,,,47000000,,,,code-with-quarkus-pride,5dee78534fdd43958655ee09b19faeaa,e36d16f49ecd4925,anonymous,anonymous,INFO,,,SPN HTTP access GET /documentacao/equipe status=200,"{""source.port"":""0""}"
1787583498537-0,2026-08-24T14:58:18.535612289Z,,api,access,GET /modo,success,,,0,,,,code-with-quarkus-pride,d020c0268bde430ea59e6b8b1e2c1b8a,c27159a4b9684fb9,anonymous,anonymous,INFO,,,SPN HTTP access GET /modo status=200,"{""source.port"":""0""}"
1787583498074-0,2026-08-24T14:58:18.068735402Z,,api,access,GET /manifest.webmanifest,success,,,0,,,,code-with-quarkus-pride,3577b2c34e954b76963ef7ba1c1a0372,f91d25c90b554e59,anonymous,anonymous,INFO,,,SPN HTTP access GET /manifest.webmanifest status=200,"{""source.port"":""0""}"
1787583497989-0,2026-08-24T14:58:17.982951546Z,,api,access,GET /documentacao/fatias-verticais,success,,,78000000,,,,code-with-quarkus-pride,ccd67dea2d05488e90ecf1e5b33cb214,e48e4ca2e83f473d,anonymous,anonymous,INFO,,,SPN HTTP access GET /documentacao/fatias-verticais status=200,"{""source.port"":""0""}"
1787583481647-0,2026-08-24T14:58:01.640338792Z,,api,access,GET /modo,success,,,0,,,,code-with-quarkus-pride,3f1d7c69e5fc44b5970eb18acab2ef25,7f08156c51fe4e03,anonymous,anonymous,INFO,,,SPN HTTP access GET /modo status=200,"{""source.port"":""0""}"
1787583481294-0,2026-08-24T14:58:01.292278647Z,,api,access,GET /manifest.webmanifest,success,,,0,,,,code-with-quarkus-pride,b4f294d3b4c74ca8bede6c8f1b2edbd1,4f0593ca95224abb,anonymous,anonymous,INFO,,,SPN HTTP access GET /manifest.webmanifest status=200,"{""source.port"":""0""}"
1787583481232-0,2026-08-24T14:58:01.227955327Z,,api,access,GET /documentacao,success,,,30000000,,,,code-with-quarkus-pride,81ba50bb6d65432f89144e6b31893d57,54fe5bdd766b40c1,anonymous,anonymous,INFO,,,SPN HTTP access GET /documentacao status=200,"{""source.port"":""0""}"
1787583462422-0,2026-08-24T14:57:42.419215649Z,,api,access,GET /modo,success,,,0,,,,code-with-quarkus-pride,75f32db417484ac8bb8960992debf96d,deb60ea2252445ca,anonymous,anonymous,INFO,,,SPN HTTP access GET /modo status=200,"{""source.port"":""0""}"
1787583462128-0,2026-08-24T14:57:42.123917315Z,,api,access,GET /manifest.webmanifest,success,,,0,,,,code-with-quarkus-pride,2eab38a99e11488ea47a1438e8e9192c,203055c701a440df,anonymous,anonymous,INFO,,,SPN HTTP access GET /manifest.webmanifest status=200,"{""source.port"":""0""}"
1787583461817-0,2026-08-24T14:57:41.816723620Z,,api,access,GET /equipe,success,,,6000000,,,,code-with-quarkus-pride,6e1928e4acfb4c469b04806065545b49,8c21ca2b233f4719,anonymous,anonymous,INFO,,,SPN HTTP access GET /equipe status=200,"{""source.port"":""0""}"
1787583449698-0,2026-08-24T14:57:29.696472134Z,,api,access,GET /home/situacao,success,,,1000000,,,,code-with-quarkus-pride,146371bf9b984f3c9ae6b49bf7649d95,66ff110792584ef0,anonymous,anonymous,INFO,,,SPN HTTP access GET /home/situacao status=200,"{""source.port"":""0""}"
1787583434756-0,2026-08-24T14:57:14.752325752Z,,api,access,GET /home/situacao,success,,,1000000,,,,code-with-quarkus-pride,c6b618e795594e768ba29e7e6714d34f,fd937b7c38be4344,anonymous,anonymous,INFO,,,SPN HTTP access GET /home/situacao status=200,"{""source.port"":""0""}"
1787583434696-0,2026-08-24T14:57:14.694708238Z,,api,access,GET /home/fluxo,success,,,40000000,,,,code-with-quarkus-pride,d53a7406870740c0abc4b0b0079cf3e9,96e4f0cb54514181,anonymous,anonymous,INFO,,,SPN HTTP access GET /home/fluxo status=200,"{""source.port"":""0""}"
1787583434687-0,2026-08-24T14:57:14.686417921Z,,api,access,GET /home/kpis,success,,,30000000,,,,code-with-quarkus-pride,3774401a7aac418e81126dffd056c30a,7d87aaaf91a74e81,anonymous,anonymous,INFO,,,SPN HTTP access GET /home/kpis status=200,"{""source.port"":""0""}"
1787583419678-0,2026-08-24T14:56:59.674472829Z,,api,access,GET /home/situacao,success,,,1000000,,,,code-with-quarkus-pride,fbe6ef9f7ca944d78902282eee462a75,aa51aedef1e745d9,anonymous,anonymous,INFO,,,SPN HTTP access GET /home/situacao status=200,"{""source.port"":""0""}"
1787583408426-0,2026-08-24T14:56:48.423243313Z,,api,access,GET /modo,success,,,0,,,,code-with-quarkus-pride,be74d03f8a2947e9b606cc684dea89d8,ed41e5349961451a,anonymous,anonymous,INFO,,,SPN HTTP access GET /modo status=200,"{""source.port"":""0""}"
1787583407886-0,2026-08-24T14:56:47.883342123Z,,api,access,GET /manifest.webmanifest,success,,,0,,,,code-with-quarkus-pride,623715edcb944941a312d75f4f5d4b44,0f25529b811b41a2,anonymous,anonymous,INFO,,,SPN HTTP access GET /manifest.webmanifest status=200,"{""source.port"":""0""}"
1787583407821-0,2026-08-24T14:56:47.818444648Z,,api,access,GET /analise/GENERICOS::report_20260815_003122.json,success,,,28000000,,,,code-with-quarkus-pride,745b85c4e8a04336ada897d70fc8b275,280aa72f37694505,anonymous,anonymous,INFO,,,SPN HTTP access GET /analise/GENERICOS::report_20260815_003122.json status=200,"{""source.port"":""0""}"
1787583407808-0,2026-08-24T14:56:47.805146289Z,event,process,,relatorio.leitura.aberta,success,analiseRelatorio,pride.relatorios,,,,,,,,,,,,,,"{""labels.total_falhas"":""16"",""labels.fonte"":""scan"",""labels.categoria"":""GENERICOS"",""labels.nivel_risco"":""BAIXO"",""labels.tem_parecer"":""false""}"
1787583404702-0,2026-08-24T14:56:44.699938540Z,,api,access,GET /modo,success,,,0,,,,code-with-quarkus-pride,c7a0f786f06c4c8990f02fdbb96956ee,e065f92d8fc842ee,anonymous,anonymous,INFO,,,SPN HTTP access GET /modo status=200,"{""source.port"":""0""}"
1787583404301-0,2026-08-24T14:56:44.299813675Z,,api,access,GET /manifest.webmanifest,success,,,0,,,,code-with-quarkus-pride,56f8e701aebe412d80555bb7a4aa5ad5,a71b243bd9ca44c7,anonymous,anonymous,INFO,,,SPN HTTP access GET /manifest.webmanifest status=200,"{""source.port"":""0""}"
1787583404240-0,2026-08-24T14:56:44.238529785Z,,api,access,GET /,success,,,73000000,,,,code-with-quarkus-pride,1b3a27c610204e63b5b5223c3dc2d9b4,3c316f98dd9b4c3d,anonymous,anonymous,INFO,,,SPN HTTP access GET / status=200,"{""source.port"":""0""}"
1787583402574-0,2026-08-24T14:56:42.572528464Z,,api,access,GET /modo,success,,,0,,,,code-with-quarkus-pride,cd74cb54af6f4cf590d2c0d3c7f8ab43,4ee5ca4144dd4920,anonymous,anonymous,INFO,,,SPN HTTP access GET /modo status=200,"{""source.port"":""0""}"
1787583402037-0,2026-08-24T14:56:42.032459725Z,,api,access,GET /manifest.webmanifest,success,,,1000000,,,,code-with-quarkus-pride,3eecb84c01b54e69b291e2745fa004e0,d43346f4f4b84257,anonymous,anonymous,INFO,,,SPN HTTP access GET /manifest.webmanifest status=200,"{""source.port"":""0""}"
1787583401957-0,2026-08-24T14:56:41.956451200Z,,api,access,GET /scan,success,,,23000000,,,,code-with-quarkus-pride,ae316b981a8d48eeb0e1aaf8dcc5631e,b244bfead0db4060,anonymous,anonymous,INFO,,,SPN HTTP access GET /scan status=200,"{""source.port"":""0""}"
1787583401795-0,2026-08-24T14:56:41.793886650Z,,api,access,GET /ia-local/gpu,success,,,0,,,,code-with-quarkus-pride,c9d74e7769ac4fdaabb5423b4b411561,d5040ab1f8f649ca,anonymous,anonymous,INFO,,,SPN HTTP access GET /ia-local/gpu status=200,"{""source.port"":""0""}"
1787583401280-0,2026-08-24T14:56:41.277964900Z,,api,access,GET /ia-local/health,success,,,3006000000,,,,code-with-quarkus-pride,5b84ac482ff8492eb8896ac96a65d02d,1b794389ab7244c9,anonymous,anonymous,INFO,,,SPN HTTP access GET /ia-local/health status=200,"{""source.port"":""0""}"
1787583399474-0,2026-08-24T14:56:39.472877532Z,,api,access,GET /ia-local/gpu,success,,,0,,,,code-with-quarkus-pride,4e50b5c9928e4839aed06418b0b97cd4,fbcfccb682c14da2,anonymous,anonymous,INFO,,,SPN HTTP access GET /ia-local/gpu status=200,"{""source.port"":""0""}"
1787583397174-0,2026-08-24T14:56:37.173264746Z,,api,access,GET /ia-local/gpu,success,,,0,,,,code-with-quarkus-pride,9975c65641e3490fa7811b3aa3f06480,15cb8b544acf410b,anonymous,anonymous,INFO,,,SPN HTTP access GET /ia-local/gpu status=200,"{""source.port"":""0""}"
1787583394882-0,2026-08-24T14:56:34.880993384Z,,api,access,GET /ia-local/gpu,success,,,0,,,,code-with-quarkus-pride,bd3d31336e884f7f90b56048c669eab7,8906929a059040c7,anonymous,anonymous,INFO,,,SPN HTTP access GET /ia-local/gpu status=200,"{""source.port"":""0""}"
1787583392596-0,2026-08-24T14:56:32.595353116Z,,api,access,GET /ia-local/gpu,success,,,0,,,,code-with-quarkus-pride,31b28ce5483c4b0db090d8b8c3345b7f,8e645df5856e4ee6,anonymous,anonymous,INFO,,,SPN HTTP access GET /ia-local/gpu status=200,"{""source.port"":""0""}"
1787583390283-0,2026-08-24T14:56:30.279108397Z,,api,access,GET /ia-local/gpu,success,,,0,,,,code-with-quarkus-pride,0041381847234ca3b36fbe5e75bbaa4c,459aed332b174e31,anonymous,anonymous,INFO,,,SPN HTTP access GET /ia-local/gpu status=200,"{""source.port"":""0""}"
1787583388275-0,2026-08-24T14:56:28.272138678Z,,api,access,GET /modo,success,,,0,,,,code-with-quarkus-pride,0eda313baf814af2a365db66f917fac0,d2b3e266102a4f86,anonymous,anonymous,INFO,,,SPN HTTP access GET /modo status=200,"{""source.port"":""0""}"
1787583387823-0,2026-08-24T14:56:27.821858904Z,,api,access,GET /manifest.webmanifest,success,,,0,,,,code-with-quarkus-pride,506e6dbcc0df4a42bd8cbfe066b2349f,9f33a1fcfe1b4e36,anonymous,anonymous,INFO,,,SPN HTTP access GET /manifest.webmanifest status=200,"{""source.port"":""0""}"
1787583387678-0,2026-08-24T14:56:27.676515072Z,,api,access,GET /ia-local,success,,,3070000000,,,,code-with-quarkus-pride,19dc4e8cc8c541a1bd9376813ece3798,e32d1866770042ae,anonymous,anonymous,INFO,,,SPN HTTP access GET /ia-local status=200,"{""source.port"":""0""}"
1787583382036-0,2026-08-24T14:56:22.033337408Z,,api,access,GET /modo,success,,,0,,,,code-with-quarkus-pride,39a1817e21484b788c1678b7c294e9dc,ec4ba663679b408d,anonymous,anonymous,INFO,,,SPN HTTP access GET /modo status=200,"{""source.port"":""0""}"
1787583381604-0,2026-08-24T14:56:21.601158793Z,,api,access,GET /manifest.webmanifest,success,,,0,,,,code-with-quarkus-pride,4d3c774d8a89491bb5ebefc85f066846,9e89fc6713d749ff,anonymous,anonymous,INFO,,,SPN HTTP access GET /manifest.webmanifest status=200,"{""source.port"":""0""}"
1787583381437-0,2026-08-24T14:56:21.435454715Z,,api,access,GET /ia-api,success,,,13000000,,,,code-with-quarkus-pride,432d754d9f9a4907b41967d3c909372c,2cfa942ce9a14d23,anonymous,anonymous,INFO,,,SPN HTTP access GET /ia-api status=200,"{""source.port"":""0""}"
1787583378149-0,2026-08-24T14:56:18.144750960Z,,api,access,GET /modo,success,,,0,,,,code-with-quarkus-pride,f110587b118644f89e5cd315ba0df0da,8d625a957d054047,anonymous,anonymous,INFO,,,SPN HTTP access GET /modo status=200,"{""source.port"":""0""}"
1787583377501-0,2026-08-24T14:56:17.499854347Z,,api,access,GET /manifest.webmanifest,success,,,0,,,,code-with-quarkus-pride,6094ff13f6cb490cbde30efd6b0c6d38,f9c8182d6a914f4e,anonymous,anonymous,INFO,,,SPN HTTP access GET /manifest.webmanifest status=200,"{""source.port"":""0""}"
1787583377444-0,2026-08-24T14:56:17.441233409Z,,api,access,GET /relatorios,success,,,9000000,,,,code-with-quarkus-pride,f4787318c4a84cf98d3b7d1c1295cf5b,cd9205deec9a4388,anonymous,anonymous,INFO,,,SPN HTTP access GET /relatorios status=200,"{""source.port"":""0""}"
1787583356659-0,2026-08-24T14:55:56.655956586Z,,api,access,GET /modo,success,,,0,,,,code-with-quarkus-pride,d7ab59d7631749239a76c3646e64042a,40ea49e362e049b1,anonymous,anonymous,INFO,,,SPN HTTP access GET /modo status=200,"{""source.port"":""0""}"
1787583356147-0,2026-08-24T14:55:56.146416997Z,,api,access,GET /manifest.webmanifest,success,,,0,,,,code-with-quarkus-pride,896bd4542fc149b58610c877e39bda15,8ae65ac5a457461c,anonymous,anonymous,INFO,,,SPN HTTP access GET /manifest.webmanifest status=200,"{""source.port"":""0""}"
1787583356078-0,2026-08-24T14:55:56.077190932Z,,api,access,GET /comparar,success,,,7000000,,,,code-with-quarkus-pride,875ce74951684897b6ee5c892ef26781,f4a000acc6cc4cda,anonymous,anonymous,INFO,,,SPN HTTP access GET /comparar status=200,"{""source.port"":""0""}"
1787583353270-0,2026-08-24T14:55:53.265894086Z,,api,access,GET /modo,success,,,0,,,,code-with-quarkus-pride,e3184daf3ba843a99c10267ab6b78524,3fda895d9aa6485b,anonymous,anonymous,INFO,,,SPN HTTP access GET /modo status=200,"{""source.port"":""0""}"
1787583352700-0,2026-08-24T14:55:52.697792485Z,,api,access,GET /manifest.webmanifest,success,,,0,,,,code-with-quarkus-pride,32edfcfc28a1457d9fbec895d7b2b570,bc53ee953a5e4e72,anonymous,anonymous,INFO,,,SPN HTTP access GET /manifest.webmanifest status=200,"{""source.port"":""0""}"
1787583352635-0,2026-08-24T14:55:52.633026087Z,,api,access,GET /analise,success,,,10000000,,,,code-with-quarkus-pride,9d08b47d13fe49f2844a5223b8717c2e,8442d3628a83409d,anonymous,anonymous,INFO,,,SPN HTTP access GET /analise status=200,"{""source.port"":""0""}"
1787583350859-0,2026-08-24T14:55:50.857906213Z,,api,access,GET /integracao/importacoes,success,,,1000000,,,,code-with-quarkus-pride,2b79eecab59f4a719d642f40ee140e94,33aed36ead4b4757,anonymous,anonymous,INFO,,,SPN HTTP access GET /integracao/importacoes status=200,"{""source.port"":""0""}"
1787583350844-0,2026-08-24T14:55:50.838611166Z,,api,access,GET /modo,success,,,0,,,,code-with-quarkus-pride,f2bd8c48e8af4d6d9df0be459c4e31af,23ef00f00e744942,anonymous,anonymous,INFO,,,SPN HTTP access GET /modo status=200,"{""source.port"":""0""}"
1787583350315-0,2026-08-24T14:55:50.312931823Z,,api,access,GET /manifest.webmanifest,success,,,0,,,,code-with-quarkus-pride,ddb6fbaacf98477e90c4ec7bb3d7a394,b1607607b261448a,anonymous,anonymous,INFO,,,SPN HTTP access GET /manifest.webmanifest status=200,"{""source.port"":""0""}"
1787583350252-0,2026-08-24T14:55:50.249816476Z,,api,access,GET /integracao,success,,,18000000,,,,code-with-quarkus-pride,64c9ef2105644cdd90e0ee62d100aced,46ab30cd69cd48dd,anonymous,anonymous,INFO,,,SPN HTTP access GET /integracao status=200,"{""source.port"":""0""}"
1787583348597-0,2026-08-24T14:55:48.595241865Z,,api,access,GET /modo,success,,,0,,,,code-with-quarkus-pride,e73f1ebfc2d6477e9a8760d8dc5f8a46,d78ffe2e5171466e,anonymous,anonymous,INFO,,,SPN HTTP access GET /modo status=200,"{""source.port"":""0""}"
1787583348142-0,2026-08-24T14:55:48.140858421Z,,api,access,GET /manifest.webmanifest,success,,,0,,,,code-with-quarkus-pride,2b329bf85b354857bcbd5af3de378c27,67280184a7d3489a,anonymous,anonymous,INFO,,,SPN HTTP access GET /manifest.webmanifest status=200,"{""source.port"":""0""}"
1787583347944-0,2026-08-24T14:55:47.941495711Z,,api,access,GET /inventario,success,,,2087000000,,,,code-with-quarkus-pride,0ec1afdfc3ed43cb8757f1fa8060f40b,e4467bb0334e4698,anonymous,anonymous,INFO,,,SPN HTTP access GET /inventario status=200,"{""source.port"":""0""}"
1787583342906-0,2026-08-24T14:55:42.905367296Z,,api,access,GET /modo,success,,,0,,,,code-with-quarkus-pride,75dd7c457bdf4011b1c8cd5454b46af1,b297fc81d6d044c9,anonymous,anonymous,INFO,,,SPN HTTP access GET /modo status=200,"{""source.port"":""0""}"
1787583342575-0,2026-08-24T14:55:42.574254697Z,,api,access,GET /manifest.webmanifest,success,,,0,,,,code-with-quarkus-pride,476ddc5fc7ba4657871bf68f5af0a587,c6439e83e0a5434f,anonymous,anonymous,INFO,,,SPN HTTP access GET /manifest.webmanifest status=200,"{""source.port"":""0""}"
1787583342514-0,2026-08-24T14:55:42.512330044Z,,api,access,GET /correlacao,success,,,30000000,,,,code-with-quarkus-pride,ef1547d95eef4600b7e473860ee4a0b9,7afb091166564abc,anonymous,anonymous,INFO,,,SPN HTTP access GET /correlacao status=200,"{""source.port"":""0""}"
1787583342510-0,2026-08-24T14:55:42.507415027Z,event,process,,correlacao.calculada,success,correlacao,pride.correlacao,,,,,,,,,,,,,,"{""labels.truncado"":""false"",""labels.relatorios_ilegiveis"":""0"",""labels.achados_lidos"":""73"",""labels.arquivos_cruzados"":""26"",""labels.sem_chave"":""0""}"
1787583338645-0,2026-08-24T14:55:38.642716249Z,,api,access,GET /modo,success,,,0,,,,code-with-quarkus-pride,d1d5fa4d61ce488f8fd64833410e541d,751102bef0fc422d,anonymous,anonymous,INFO,,,SPN HTTP access GET /modo status=200,"{""source.port"":""0""}"
1787583338312-0,2026-08-24T14:55:38.310119087Z,,api,access,GET /manifest.webmanifest,success,,,0,,,,code-with-quarkus-pride,c923ede355664f858bce0b9267cfd183,bfd61bab11274222,anonymous,anonymous,INFO,,,SPN HTTP access GET /manifest.webmanifest status=200,"{""source.port"":""0""}"
1787583338209-0,2026-08-24T14:55:38.208219266Z,,api,access,GET /telemetria,success,,,380000000,,,,code-with-quarkus-pride,8ae931f008bf4349a0c61a3197fe043a,9bd4816ef23e43e2,anonymous,anonymous,INFO,,,SPN HTTP access GET /telemetria status=200,"{""source.port"":""0""}"
1787583334208-0,2026-08-24T14:55:34.204249323Z,,api,access,GET /modo,success,,,0,,,,code-with-quarkus-pride,db5f4cd55bac45198910e69c998e570f,e9e6fe46fec64821,anonymous,anonymous,INFO,,,SPN HTTP access GET /modo status=200,"{""source.port"":""0""}"
1787583333676-0,2026-08-24T14:55:33.673499536Z,,api,access,GET /manifest.webmanifest,success,,,0,,,,code-with-quarkus-pride,8e8236a7fd684280ab311f3c58869ebe,7a14c66f34f24612,anonymous,anonymous,INFO,,,SPN HTTP access GET /manifest.webmanifest status=200,"{""source.port"":""0""}"
1787583333605-0,2026-08-24T14:55:33.603703293Z,,api,access,GET /documentacao/ia-externa,success,,,59000000,,,,code-with-quarkus-pride,b8f6e7c02b0f479cb2f87ccdfe1efdfb,90203dc6a4754678,anonymous,anonymous,INFO,,,SPN HTTP access GET /documentacao/ia-externa status=200,"{""source.port"":""0""}"
1787583332004-0,2026-08-24T14:55:32.000762766Z,,api,access,GET /modo,success,,,0,,,,code-with-quarkus-pride,ac10b676db074506a832d30bfe44afb8,8ff1231fda864c03,anonymous,anonymous,INFO,,,SPN HTTP access GET /modo status=200,"{""source.port"":""0""}"
1787583331653-0,2026-08-24T14:55:31.652212990Z,,api,access,GET /manifest.webmanifest,success,,,0,,,,code-with-quarkus-pride,611c22f6b1fc4d57bb842e8cb0d238ca,cc966ad9e97749dc,anonymous,anonymous,INFO,,,SPN HTTP access GET /manifest.webmanifest status=200,"{""source.port"":""0""}"
1787583331590-0,2026-08-24T14:55:31.588586613Z,,api,access,GET /documentacao,success,,,14000000,,,,code-with-quarkus-pride,1aee4264074044149abf80e4033b2e7a,3f84ec78ac4341b9,anonymous,anonymous,INFO,,,SPN HTTP access GET /documentacao status=200,"{""source.port"":""0""}"
1787583329444-0,2026-08-24T14:55:29.440882567Z,,api,access,GET /modo,success,,,0,,,,code-with-quarkus-pride,51193ce5b029407fa15a65a577377e47,57f6f42e8cfd4bf1,anonymous,anonymous,INFO,,,SPN HTTP access GET /modo status=200,"{""source.port"":""0""}"
1787583329079-0,2026-08-24T14:55:29.077940370Z,,api,access,GET /manifest.webmanifest,success,,,0,,,,code-with-quarkus-pride,e4c665bb65d949b2826ac94df336dd83,45946ca354384eaa,anonymous,anonymous,INFO,,,SPN HTTP access GET /manifest.webmanifest status=200,"{""source.port"":""0""}"
1787583328729-0,2026-08-24T14:55:28.725779111Z,,api,access,GET /telemetria,success,,,509000000,,,,code-with-quarkus-pride,61170841d6b14b8b82c21d47d38ec16d,87f1539627cf4c37,anonymous,anonymous,INFO,,,SPN HTTP access GET /telemetria status=200,"{""source.port"":""0""}"
1787583327095-0,2026-08-24T14:55:27.088981029Z,,api,access,GET /modo,success,,,0,,,,code-with-quarkus-pride,1b2502385f6249bbb871e19d204c0f78,dd7ef1a576ae47b7,anonymous,anonymous,INFO,,,SPN HTTP access GET /modo status=200,"{""source.port"":""0""}"
1787583326719-0,2026-08-24T14:55:26.717175703Z,,api,access,GET /manifest.webmanifest,success,,,0,,,,code-with-quarkus-pride,5d377d4078dd4c8491d837c756235027,7c6f1c79d7314c84,anonymous,anonymous,INFO,,,SPN HTTP access GET /manifest.webmanifest status=200,"{""source.port"":""0""}"
1787583326659-0,2026-08-24T14:55:26.657373064Z,,api,access,GET /documentacao,success,,,26000000,,,,code-with-quarkus-pride,b5e56216ff2b47f0b27186b9ff2ca820,3b42d12d04a8487a,anonymous,anonymous,INFO,,,SPN HTTP access GET /documentacao status=200,"{""source.port"":""0""}"
1787583323764-0,2026-08-24T14:55:23.763014505Z,,api,access,GET /modo,success,,,0,,,,code-with-quarkus-pride,1b85609513824839a2e30da180926502,d5dcf9c57f1d4fda,anonymous,anonymous,INFO,,,SPN HTTP access GET /modo status=200,"{""source.port"":""0""}"
1787583323229-0,2026-08-24T14:55:23.220173530Z,,api,access,GET /manifest.webmanifest,success,,,0,,,,code-with-quarkus-pride,7708050b7bc74bc4a213a0c221e14309,8ab8302483f14443,anonymous,anonymous,INFO,,,SPN HTTP access GET /manifest.webmanifest status=200,"{""source.port"":""0""}"
1787583322865-0,2026-08-24T14:55:22.850597899Z,,api,access,GET /correlacao,success,,,225000000,,,,code-with-quarkus-pride,48e6d1a16bbb4a3cb5b9f65d04ed6c6d,4cfe72bc158a4598,anonymous,anonymous,INFO,,,SPN HTTP access GET /correlacao status=200,"{""source.port"":""0""}"
1787583322819-0,2026-08-24T14:55:22.803646432Z,event,process,,correlacao.calculada,success,correlacao,pride.correlacao,,,,,,,,,,,,,,"{""labels.truncado"":""false"",""labels.relatorios_ilegiveis"":""0"",""labels.achados_lidos"":""73"",""labels.arquivos_cruzados"":""26"",""labels.sem_chave"":""0""}"
1787583318716-0,2026-08-24T14:55:18.712513547Z,,api,access,GET /modo,success,,,0,,,,code-with-quarkus-pride,35401c8b84204bda9be78e32438221f3,8b6e4102dc2d462a,anonymous,anonymous,INFO,,,SPN HTTP access GET /modo status=200,"{""source.port"":""0""}"
1787583318284-0,2026-08-24T14:55:18.280484867Z,,api,access,GET /manifest.webmanifest,success,,,0,,,,code-with-quarkus-pride,7f61b9c8460548149f5349b679208021,8bb1e5065f394406,anonymous,anonymous,INFO,,,SPN HTTP access GET /manifest.webmanifest status=200,"{""source.port"":""0""}"
1787583318205-0,2026-08-24T14:55:18.203247883Z,,api,access,GET /documentacao/arquitetura,success,,,38000000,,,,code-with-quarkus-pride,3a426856fe4440a39130775e092a2743,46e803787ad84018,anonymous,anonymous,INFO,,,SPN HTTP access GET /documentacao/arquitetura status=200,"{""source.port"":""0""}"
1787583296730-0,2026-08-24T14:54:56.728458130Z,,api,access,GET /modo,success,,,0,,,,code-with-quarkus-pride,80e5f66b3a714a4a80dda4528c4c09fe,4e02ed88833c460c,anonymous,anonymous,INFO,,,SPN HTTP access GET /modo status=200,"{""source.port"":""0""}"
1787583296126-0,2026-08-24T14:54:56.125397640Z,,api,access,GET /manifest.webmanifest,success,,,0,,,,code-with-quarkus-pride,3ce08ce82c914d37a5fa970c523e071d,050feee3b03446c6,anonymous,anonymous,INFO,,,SPN HTTP access GET /manifest.webmanifest status=200,"{""source.port"":""0""}"
1787583296062-0,2026-08-24T14:54:56.060946213Z,,api,access,GET /documentacao/arquitetura,success,,,44000000,,,,code-with-quarkus-pride,4d14e6839adc4243a107dc7f994b8df4,e5ecfa38a5114238,anonymous,anonymous,INFO,,,SPN HTTP access GET /documentacao/arquitetura status=200,"{""source.port"":""0""}"
1787583295011-0,2026-08-24T14:54:55.006443023Z,,api,access,GET /modo,success,,,0,,,,code-with-quarkus-pride,0afa6c691b9d49c382ba5bee00576f16,003124f5988c4f8b,anonymous,anonymous,INFO,,,SPN HTTP access GET /modo status=200,"{""source.port"":""0""}"
1787583294913-0,2026-08-24T14:54:54.907914028Z,,api,access,GET /manifest.webmanifest,success,,,2000000,,,,code-with-quarkus-pride,07e841cf45e34e9db2a812c78333766f,0652fd6f30dc4233,anonymous,anonymous,INFO,,,SPN HTTP access GET /manifest.webmanifest status=200,"{""source.port"":""0""}"
1787583294847-0,2026-08-24T14:54:54.845326166Z,,api,access,GET /documentacao,success,,,14000000,,,,code-with-quarkus-pride,43423d05b75d4a6183db2c25ec50984a,2c24c92ac48a4670,anonymous,anonymous,INFO,,,SPN HTTP access GET /documentacao status=200,"{""source.port"":""0""}"
1787583285296-0,2026-08-24T14:54:45.294857339Z,,api,access,GET /modo,success,,,0,,,,code-with-quarkus-pride,76ab2fa69a05475999815843c617fd19,22655bf9d5384c3f,anonymous,anonymous,INFO,,,SPN HTTP access GET /modo status=200,"{""source.port"":""0""}"
1787583285175-0,2026-08-24T14:54:45.172114737Z,,api,access,GET /manifest.webmanifest,success,,,0,,,,code-with-quarkus-pride,dcc89db6a78e4638a14353ac43944457,d4c21e2751d64624,anonymous,anonymous,INFO,,,SPN HTTP access GET /manifest.webmanifest status=200,"{""source.port"":""0""}"
1787583285100-0,2026-08-24T14:54:45.096652860Z,,api,access,GET /documentacao/apresentacao,success,,,41000000,,,,code-with-quarkus-pride,bf193bd3070549e68d24714fad9eddd8,93bf486b921e478d,anonymous,anonymous,INFO,,,SPN HTTP access GET /documentacao/apresentacao status=200,"{""source.port"":""0""}"
1787583280415-0,2026-08-24T14:54:40.413240760Z,,api,access,GET /modo,success,,,0,,,,code-with-quarkus-pride,910376ff04a64095844e38918fa74482,49714672235544fb,anonymous,anonymous,INFO,,,SPN HTTP access GET /modo status=200,"{""source.port"":""0""}"
1787583280226-0,2026-08-24T14:54:40.221242090Z,,api,access,GET /manifest.webmanifest,success,,,0,,,,code-with-quarkus-pride,62890cf9ef4241c8979329f21a8107f4,e81a7bf8d9754e61,anonymous,anonymous,INFO,,,SPN HTTP access GET /manifest.webmanifest status=200,"{""source.port"":""0""}"
1787583280144-0,2026-08-24T14:54:40.138814552Z,,api,access,GET /documentacao/apresentacao,success,,,43000000,,,,code-with-quarkus-pride,58036e1bca7649608d8e547f14138e3c,b481cdd8e0794900,anonymous,anonymous,INFO,,,SPN HTTP access GET /documentacao/apresentacao status=200,"{""source.port"":""0""}"
1787583275323-0,2026-08-24T14:54:35.321541481Z,,api,access,GET /modo,success,,,0,,,,code-with-quarkus-pride,656179c573d0475288c51fa7c92e30f4,5cfe67e14d35459f,anonymous,anonymous,INFO,,,SPN HTTP access GET /modo status=200,"{""source.port"":""0""}"
1787583275199-0,2026-08-24T14:54:35.193771836Z,,api,access,GET /manifest.webmanifest,success,,,0,,,,code-with-quarkus-pride,f2455c3814c34cb6a7a05bd4c82b91ed,a70ec1d6106049d8,anonymous,anonymous,INFO,,,SPN HTTP access GET /manifest.webmanifest status=200,"{""source.port"":""0""}"
1787583275043-0,2026-08-24T14:54:35.032782442Z,,api,access,GET /documentacao/apresentacao,success,,,73000000,,,,code-with-quarkus-pride,37e65874ded3424a8dea8fa6a284b161,11e2b2b4e5c248fc,anonymous,anonymous,INFO,,,SPN HTTP access GET /documentacao/apresentacao status=200,"{""source.port"":""0""}"
1787583273080-0,2026-08-24T14:54:33.076953512Z,,api,access,GET /modo,success,,,0,,,,code-with-quarkus-pride,85116ad532d84f98aae4a610a2cc63b8,3a0663762119418e,anonymous,anonymous,INFO,,,SPN HTTP access GET /modo status=200,"{""source.port"":""0""}"
1787583272998-0,2026-08-24T14:54:32.995905440Z,,api,access,GET /manifest.webmanifest,success,,,0,,,,code-with-quarkus-pride,b50ec8b8af6a4b339a44f011e6b98f3e,849aea477cb24332,anonymous,anonymous,INFO,,,SPN HTTP access GET /manifest.webmanifest status=200,"{""source.port"":""0""}"
1787583272893-0,2026-08-24T14:54:32.891393970Z,,api,access,GET /documentacao,success,,,23000000,,,,code-with-quarkus-pride,61f53ee097294eeba8fb205edc574428,da64dc52fef44045,anonymous,anonymous,INFO,,,SPN HTTP access GET /documentacao status=200,"{""source.port"":""0""}"
1787583270020-0,2026-08-24T14:54:30.015395789Z,,api,access,GET /modo,success,,,0,,,,code-with-quarkus-pride,1dd8ff3efff445df86b13c0276ffb347,0881dbc85261499c,anonymous,anonymous,INFO,,,SPN HTTP access GET /modo status=200,"{""source.port"":""0""}"
1787583269811-0,2026-08-24T14:54:29.808542181Z,,api,access,GET /manifest.webmanifest,success,,,19000000,,,,code-with-quarkus-pride,e19389d271f34a56997784ac382b2ed0,95b6418b56434bdf,anonymous,anonymous,INFO,,,SPN HTTP access GET /manifest.webmanifest status=200,"{""source.port"":""0""}"
1787583268876-0,2026-08-24T14:54:28.871513312Z,,api,access,GET /,success,,,73000000,,,,code-with-quarkus-pride,f610bcfa16934430aaf2ce91deffae06,25d4afc4ee194b08,anonymous,anonymous,INFO,,,SPN HTTP access GET / status=200,"{""source.port"":""0""}"
1787583203893-0,2026-08-24T14:53:23.890567650Z,,api,access,GET /documentacao/motor-de-scan,success,,,72000000,,,,code-with-quarkus-pride,7c52661855c745b580123fc434912fa4,cbb7b03444684dc5,anonymous,anonymous,INFO,,,SPN HTTP access GET /documentacao/motor-de-scan status=200,"{""source.port"":""0""}"
1787583203402-0,2026-08-24T14:53:23.398238593Z,,api,access,GET /documentacao/apresentacao,success,,,178000000,,,,code-with-quarkus-pride,b54a08e9f1fe4b68814cce905a05fdeb,a5926e0a3318421e,anonymous,anonymous,INFO,,,SPN HTTP access GET /documentacao/apresentacao status=200,"{""source.port"":""0""}"
1787583186242-0,2026-08-24T14:53:06.240330001Z,,api,access,GET /,success,,,75000000,,,,code-with-quarkus-pride,3830efe41b4f4dc09ac4a2315ad17677,ea5805fbfab34053,anonymous,anonymous,INFO,,,SPN HTTP access GET / status=200,"{""source.port"":""0""}"
1787583186099-0,2026-08-24T14:53:06.097129776Z,,api,access,GET /,success,,,82000000,,,,code-with-quarkus-pride,f906a726b9a04fe9a6edc006d79e24b4,acf5b3b47f3548b6,anonymous,anonymous,INFO,,,SPN HTTP access GET / status=200,"{""source.port"":""0""}"
1787583185758-0,2026-08-24T14:53:05.751489117Z,,api,access,GET /,success,,,664000000,,,,code-with-quarkus-pride,b6f877dcea22439082f088dfc6a5bea4,97f8e3440b044117,anonymous,anonymous,INFO,,,SPN HTTP access GET / status=200,"{""source.port"":""0""}"
1787583009815-0,2026-08-24T14:50:09.813039694Z,,api,access,GET /documentacao/apresentacao,success,,,39000000,,,,code-with-quarkus-pride,69348cfe371944d2b12b687d018c0832,3793d0ccd50c4676,anonymous,anonymous,INFO,,,SPN HTTP access GET /documentacao/apresentacao status=200,"{""source.port"":""0""}"
1787582997774-0,2026-08-24T14:49:57.769077139Z,,api,access,GET /documentacao/apresentacao,success,,,23000000,,,,code-with-quarkus-pride,c302854d67214cccbd99b569b3d3cba7,8a2d0ef649ea4e6f,anonymous,anonymous,INFO,,,SPN HTTP access GET /documentacao/apresentacao status=200,"{""source.port"":""0""}"
1787581797239-0,2026-08-24T14:29:57.237881900Z,,api,access,GET /documentacao/motor-de-scan,success,,,41000000,,,,code-with-quarkus-pride,9f2501c035df401f8344a318c787ad68,3e83423da28a41d2,anonymous,anonymous,INFO,,,SPN HTTP access GET /documentacao/motor-de-scan status=200,"{""source.port"":""0""}"
1787581775092-0,2026-08-24T14:29:35.090240348Z,,api,access,GET /documentacao/motor-de-scan,success,,,31000000,,,,code-with-quarkus-pride,e9ff4245df2e4524a171ab6fbb3837bb,12631e29ab454b97,anonymous,anonymous,INFO,,,SPN HTTP access GET /documentacao/motor-de-scan status=200,"{""source.port"":""0""}"
1787581737268-0,2026-08-24T14:28:57.266791674Z,,api,access,GET /documentacao/motor-de-scan,success,,,48000000,,,,code-with-quarkus-pride,e2ce4d5d23c44373bb99bba767c9c829,3493a52c54994ad9,anonymous,anonymous,INFO,,,SPN HTTP access GET /documentacao/motor-de-scan status=200,"{""source.port"":""0""}"
1787581623492-0,2026-08-24T14:27:03.488452633Z,,api,access,GET /modo,success,,,0,,,,code-with-quarkus-pride,69a3ae01f6b546328460573a236f77e8,b85c0e1948164417,anonymous,anonymous,INFO,,,SPN HTTP access GET /modo status=200,"{""source.port"":""0""}"
1787581623152-0,2026-08-24T14:27:03.140516944Z,,api,access,GET /manifest.webmanifest,success,,,0,,,,code-with-quarkus-pride,b3bdfa130d464c46949fef678b5eeefb,6c3e09709f564243,anonymous,anonymous,INFO,,,SPN HTTP access GET /manifest.webmanifest status=200,"{""source.port"":""0""}"
1787581623054-0,2026-08-24T14:27:03.051414857Z,,api,access,GET /documentacao/apresentacao,success,,,133000000,,,,code-with-quarkus-pride,0fc9b4232b284f31a6f6e11004db4d15,7bee93c962b146b1,anonymous,anonymous,INFO,,,SPN HTTP access GET /documentacao/apresentacao status=200,"{""source.port"":""0""}"
1787581620569-0,2026-08-24T14:27:00.566934723Z,,api,access,GET /modo,success,,,0,,,,code-with-quarkus-pride,8fc00e19f3134b9588184a4d3e7a95a0,3751343b04064952,anonymous,anonymous,INFO,,,SPN HTTP access GET /modo status=200,"{""source.port"":""0""}"
1787581620471-0,2026-08-24T14:27:00.469797028Z,,api,access,GET /manifest.webmanifest,success,,,0,,,,code-with-quarkus-pride,3350bd12eb21422587a86089de2ec846,7b67cbfec68e4b4c,anonymous,anonymous,INFO,,,SPN HTTP access GET /manifest.webmanifest status=200,"{""source.port"":""0""}"
1787581620382-0,2026-08-24T14:27:00.378008942Z,,api,access,GET /documentacao,success,,,68000000,,,,code-with-quarkus-pride,93429dde81bd451cbef0c02182297ad4,16c67e27d23e4678,anonymous,anonymous,INFO,,,SPN HTTP access GET /documentacao status=200,"{""source.port"":""0""}"
1787581617597-0,2026-08-24T14:26:57.592472644Z,,api,access,GET /modo,success,,,7000000,,,,code-with-quarkus-pride,90f9ca6907c64558923fda78a031acc0,f7cd044737fa4d01,anonymous,anonymous,INFO,,,SPN HTTP access GET /modo status=200,"{""source.port"":""0""}"
1787581617398-0,2026-08-24T14:26:57.396308143Z,,api,access,GET /manifest.webmanifest,success,,,8000000,,,,code-with-quarkus-pride,b24f2e1a6189411bb3e9edac286cc135,3402f9ae4c644d67,anonymous,anonymous,INFO,,,SPN HTTP access GET /manifest.webmanifest status=200,"{""source.port"":""0""}"
1787581616410-0,2026-08-24T14:26:56.403036286Z,,api,access,GET /,success,,,128000000,,,,code-with-quarkus-pride,d4610696953940e0b63bcfa8f571f42f,6ff6035dc36a4d88,anonymous,anonymous,INFO,,,SPN HTTP access GET / status=200,"{""source.port"":""0""}"
1787580389824-0,2026-08-24T14:06:29.811817695Z,,api,access,GET /,success,,,842000000,,,,code-with-quarkus-pride,0de9b42ce72543ee9b9fd73cafd0e0b3,e6ac1044430f4f60,anonymous,anonymous,INFO,,,SPN HTTP access GET / status=200,"{""source.port"":""0""}"
1787576363651-0,2026-08-24T12:59:23.648071325Z,,api,access,GET /documentacao/fatias-verticais,success,,,44000000,,,,code-with-quarkus-pride,56ae84f0e59645bf967b02df04dcc1f9,95d0d519b0f74856,anonymous,anonymous,INFO,,,SPN HTTP access GET /documentacao/fatias-verticais status=200,"{""source.port"":""0""}"
1787576363469-0,2026-08-24T12:59:23.467301164Z,,api,access,GET /documentacao/fatias-verticali,failure,,,24000000,,,,code-with-quarkus-pride,04e187837818401b920aafddcc90f3a9,aee7c8991a19492f,anonymous,anonymous,INFO,,,SPN HTTP access GET /documentacao/fatias-verticali status=404,"{""source.port"":""0""}"
1787576363270-0,2026-08-24T12:59:23.268519739Z,,api,access,GET /documentacao/justificativa-stack,success,,,32000000,,,,code-with-quarkus-pride,18d57cb90c4c48af81ee268dc89191a2,58de2736f488400e,anonymous,anonymous,INFO,,,SPN HTTP access GET /documentacao/justificativa-stack status=200,"{""source.port"":""0""}"
1787576344348-0,2026-08-24T12:59:04.345633245Z,,api,access,GET /documentacao/apresentacao,success,,,48000000,,,,code-with-quarkus-pride,3104976ab26c479fae496a2cfdd7ef21,e684a1c585f94592,anonymous,anonymous,INFO,,,SPN HTTP access GET /documentacao/apresentacao status=200,"{""source.port"":""0""}"
1787576344147-0,2026-08-24T12:59:04.142708287Z,,api,access,GET /documentacao/fatias-verticais,success,,,107000000,,,,code-with-quarkus-pride,a99d6534ac66485f81b78d573d27ab20,2b145a8d3c3d43ac,anonymous,anonymous,INFO,,,SPN HTTP access GET /documentacao/fatias-verticais status=200,"{""source.port"":""0""}"
1787576343874-0,2026-08-24T12:59:03.871447997Z,,api,access,GET /documentacao/justificativa-stack,success,,,58000000,,,,code-with-quarkus-pride,c2395454ec6440d0acb75427c4d79313,67effc930af04687,anonymous,anonymous,INFO,,,SPN HTTP access GET /documentacao/justificativa-stack status=200,"{""source.port"":""0""}"
1787576343636-0,2026-08-24T12:59:03.630848282Z,,api,access,GET /documentacao/apresentacao,success,,,187000000,,,,code-with-quarkus-pride,0e4dcb9b4bdf410ca13f1c2725052503,6dc3b2e7a43a4edb,anonymous,anonymous,INFO,,,SPN HTTP access GET /documentacao/apresentacao status=200,"{""source.port"":""0""}"
1787576325596-0,2026-08-24T12:58:45.590386923Z,,api,access,GET /,success,,,86000000,,,,code-with-quarkus-pride,dedff9c737ea4a7298dbe81670a0320e,c31ea02ad8c44161,anonymous,anonymous,INFO,,,SPN HTTP access GET / status=200,"{""source.port"":""0""}"
1787576325426-0,2026-08-24T12:58:45.422898605Z,,api,access,GET /,success,,,129000000,,,,code-with-quarkus-pride,a18a95bd66834e619514c8bfd72154ee,86c35ed6617243ab,anonymous,anonymous,INFO,,,SPN HTTP access GET / status=200,"{""source.port"":""0""}"
1787576325167-0,2026-08-24T12:58:45.149950317Z,,api,access,GET /,success,,,281000000,,,,code-with-quarkus-pride,13de7a322d564810a67be40dc6ed8f0b,457e96ca16a04104,anonymous,anonymous,INFO,,,SPN HTTP access GET / status=200,"{""source.port"":""0""}"
1787576198230-0,2026-08-24T12:56:38.229216694Z,,api,access,GET /documentacao/apresentacao,success,,,22000000,,,,code-with-quarkus-pride,377fbf87b5fb4832ba1a51fec0870a65,34fd98b09b2542c6,anonymous,anonymous,INFO,,,SPN HTTP access GET /documentacao/apresentacao status=200,"{""source.port"":""0""}"
1787576198056-0,2026-08-24T12:56:38.051224584Z,,api,access,GET /documentacao/fatias-verticais,success,,,38000000,,,,code-with-quarkus-pride,b07b28afc5684402b47e670d90bd4d8e,f5d3bf6084a64f28,anonymous,anonymous,INFO,,,SPN HTTP access GET /documentacao/fatias-verticais status=200,"{""source.port"":""0""}"
1787576197858-0,2026-08-24T12:56:37.856292678Z,,api,access,GET /documentacao/justificativa-stack,success,,,32000000,,,,code-with-quarkus-pride,68101cc6dab547dfa69317fb307f425e,8ca29342dbd04042,anonymous,anonymous,INFO,,,SPN HTTP access GET /documentacao/justificativa-stack status=200,"{""source.port"":""0""}"
1787576197670-0,2026-08-24T12:56:37.663235050Z,,api,access,GET /documentacao/apresentacao,success,,,29000000,,,,code-with-quarkus-pride,2eca31bf1b024a698c46a69aa8f5953c,3cb97e33a7a8409d,anonymous,anonymous,INFO,,,SPN HTTP access GET /documentacao/apresentacao status=200,"{""source.port"":""0""}"
1787574847075-0,2026-08-24T12:34:07.070413710Z,,api,access,GET /modo,success,,,0,,,,code-with-quarkus-pride,999753091a1e4e9eb51d2bbf14e73a7c,e7cfb93f2cea497b,anonymous,anonymous,INFO,,,SPN HTTP access GET /modo status=200,"{""source.port"":""0""}"
1787574846818-0,2026-08-24T12:34:06.816862612Z,,api,access,GET /manifest.webmanifest,success,,,0,,,,code-with-quarkus-pride,5344b4fa985d4d71a771ff6ff9c4117f,835b2e1dc28e4895,anonymous,anonymous,INFO,,,SPN HTTP access GET /manifest.webmanifest status=200,"{""source.port"":""0""}"
1787574846548-0,2026-08-24T12:34:06.546029697Z,,api,access,GET /documentacao/apresentacao,success,,,29000000,,,,code-with-quarkus-pride,a8d49ea5d62a46818740daaf05c0a68b,763f3afa83b24ac9,anonymous,anonymous,INFO,,,SPN HTTP access GET /documentacao/apresentacao status=200,"{""source.port"":""0""}"
1787574843214-0,2026-08-24T12:34:03.210445033Z,,api,access,GET /documentacao/apresentacao,success,,,67000000,,,,code-with-quarkus-pride,68cf35e604f14a1f9e70c83281ecd465,870a1f6fbbd14f68,anonymous,anonymous,INFO,,,SPN HTTP access GET /documentacao/apresentacao status=200,"{""source.port"":""0""}"
1787574818448-0,2026-08-24T12:33:38.445712950Z,,api,access,GET /modo,success,,,0,,,,code-with-quarkus-pride,305a6e6d07d74d58bc54a293df2b428c,8c50beec519b489e,anonymous,anonymous,INFO,,,SPN HTTP access GET /modo status=200,"{""source.port"":""0""}"
1787574818206-0,2026-08-24T12:33:38.203668395Z,,api,access,GET /manifest.webmanifest,success,,,0,,,,code-with-quarkus-pride,6d0ecb05e30e4acb868871c6ab27b230,16301dcff9024eb4,anonymous,anonymous,INFO,,,SPN HTTP access GET /manifest.webmanifest status=200,"{""source.port"":""0""}"
1787574818124-0,2026-08-24T12:33:38.123019892Z,,api,access,GET /documentacao/apresentacao,success,,,38000000,,,,code-with-quarkus-pride,40c9465f531b43ccaa44ceb247d47108,d3f564db4ba542e1,anonymous,anonymous,INFO,,,SPN HTTP access GET /documentacao/apresentacao status=200,"{""source.port"":""0""}"
1787574816086-0,2026-08-24T12:33:36.084970787Z,,api,access,GET /modo,success,,,0,,,,code-with-quarkus-pride,b2cbfdebe3134052982e4d726c426c8b,92c341e0804d464c,anonymous,anonymous,INFO,,,SPN HTTP access GET /modo status=200,"{""source.port"":""0""}"
1787574816015-0,2026-08-24T12:33:36.013682039Z,,api,access,GET /manifest.webmanifest,success,,,0,,,,code-with-quarkus-pride,3ff8992059714345a2e2d792113521b8,0d7b7696d5714613,anonymous,anonymous,INFO,,,SPN HTTP access GET /manifest.webmanifest status=200,"{""source.port"":""0""}"
1787574815922-0,2026-08-24T12:33:35.920527721Z,,api,access,GET /documentacao,success,,,17000000,,,,code-with-quarkus-pride,548d0ebd74074eb5901b655f19e51321,296c417c48d14abe,anonymous,anonymous,INFO,,,SPN HTTP access GET /documentacao status=200,"{""source.port"":""0""}"
1787574814371-0,2026-08-24T12:33:34.366333850Z,,api,access,GET /manifest.webmanifest,success,,,1000000,,,,code-with-quarkus-pride,f39f4b7b265e4039a8d81c76f8e2fb6c,83651f24c84848e5,anonymous,anonymous,INFO,,,SPN HTTP access GET /manifest.webmanifest status=200,"{""source.port"":""0""}"
1787574814348-0,2026-08-24T12:33:34.346363079Z,,api,access,GET /modo,success,,,13000000,,,,code-with-quarkus-pride,72a5b320ef4343199a5679161f595aff,97ec434628f04351,anonymous,anonymous,INFO,,,SPN HTTP access GET /modo status=200,"{""source.port"":""0""}"
1787574813726-0,2026-08-24T12:33:33.724496211Z,,api,access,GET /,success,,,85000000,,,,code-with-quarkus-pride,e2624ac9db33405bbefbcdc11fe94432,876405d1292b4619,anonymous,anonymous,INFO,,,SPN HTTP access GET / status=200,"{""source.port"":""0""}"
1787574708561-0,2026-08-24T12:31:48.559374910Z,,api,access,GET /documentacao/apresentacao,success,,,38000000,,,,code-with-quarkus-pride,ce406fd28f204afa82fe00ccae255b5d,32f385536c774a70,anonymous,anonymous,INFO,,,SPN HTTP access GET /documentacao/apresentacao status=200,"{""source.port"":""0""}"
1787574708347-0,2026-08-24T12:31:48.344590468Z,,api,access,GET /documentacao/apresentacao,success,,,38000000,,,,code-with-quarkus-pride,3c297f378ecd4df18c1347c45980048c,1d8216ead4ca4061,anonymous,anonymous,INFO,,,SPN HTTP access GET /documentacao/apresentacao status=200,"{""source.port"":""0""}"
1787574708152-0,2026-08-24T12:31:48.150479846Z,,api,access,GET /equipe,success,,,1000000,,,,code-with-quarkus-pride,777f9e5c485a44f8a65e2c9c5762fe41,f9528b716ac840ff,anonymous,anonymous,INFO,,,SPN HTTP access GET /equipe status=200,"{""source.port"":""0""}"
1787574707989-0,2026-08-24T12:31:47.984523451Z,,api,access,GET /equipe,success,,,7000000,,,,code-with-quarkus-pride,75ad8459485748609daf88dce672d745,59f0ae7b3f8d410c,anonymous,anonymous,INFO,,,SPN HTTP access GET /equipe status=200,"{""source.port"":""0""}"
1787574707789-0,2026-08-24T12:31:47.787300894Z,,api,access,GET /documentacao,success,,,15000000,,,,code-with-quarkus-pride,abe64833d25a44fcb2ed1dd988793cd7,5d6cd62f2bb1430e,anonymous,anonymous,INFO,,,SPN HTTP access GET /documentacao status=200,"{""source.port"":""0""}"
1787574707576-0,2026-08-24T12:31:47.574781566Z,,api,access,GET /documentacao,success,,,19000000,,,,code-with-quarkus-pride,97d33e794fd944e38be1e4b6ce60e438,dabdf6f077614ace,anonymous,anonymous,INFO,,,SPN HTTP access GET /documentacao status=200,"{""source.port"":""0""}"
1787574701452-0,2026-08-24T12:31:41.448627110Z,,api,access,GET /documentacao/apresentacao,success,,,53000000,,,,code-with-quarkus-pride,456c9a4e961d418592b9be15b8a45b50,3747bae339df4954,anonymous,anonymous,INFO,,,SPN HTTP access GET /documentacao/apresentacao status=200,"{""source.port"":""0""}"
1787574684706-0,2026-08-24T12:31:24.704552673Z,,api,access,GET /documentacao/apresentacao,success,,,111000000,,,,code-with-quarkus-pride,f7e2d3404ba947ee9d66825f07dcc6b2,c7d9b9f0b1d34a93,anonymous,anonymous,INFO,,,SPN HTTP access GET /documentacao/apresentacao status=200,"{""source.port"":""0""}"
1787574684344-0,2026-08-24T12:31:24.340972547Z,,api,access,GET /documentacao,success,,,81000000,,,,code-with-quarkus-pride,fb686bf5d2ad448dad5f1791d43f8d28,aac43f047fd24efe,anonymous,anonymous,INFO,,,SPN HTTP access GET /documentacao status=200,"{""source.port"":""0""}"
1787574684069-0,2026-08-24T12:31:24.067823342Z,,api,access,GET /,success,,,81000000,,,,code-with-quarkus-pride,1e1ce2e7ee744b74ae172b0e3c98cff6,82076e0976ee4f57,anonymous,anonymous,INFO,,,SPN HTTP access GET / status=200,"{""source.port"":""0""}"
1787574664195-0,2026-08-24T12:31:04.191341153Z,,api,access,GET /,success,,,83000000,,,,code-with-quarkus-pride,2154280476e44ae494d301fe7d365fa2,f1d8ef4938094534,anonymous,anonymous,INFO,,,SPN HTTP access GET / status=200,"{""source.port"":""0""}"
1787574664027-0,2026-08-24T12:31:04.022684800Z,,api,access,GET /,success,,,147000000,,,,code-with-quarkus-pride,0fc29e67278f4c9ba15452c859ce372f,2bdb3f934a5144d6,anonymous,anonymous,INFO,,,SPN HTTP access GET / status=200,"{""source.port"":""0""}"
1787574663513-0,2026-08-24T12:31:03.494022319Z,,api,access,GET /,success,,,616000000,,,,code-with-quarkus-pride,5cfb8e43c23d48749b6f6137b0d0ac67,beec9d4241074b13,anonymous,anonymous,INFO,,,SPN HTTP access GET / status=200,"{""source.port"":""0""}"
1787574530898-0,2026-08-24T12:28:50.894946652Z,,api,access,GET /modo,success,,,0,,,,code-with-quarkus-pride,dd164acea8b84458a6c80737ace9b6cb,29ef916020804363,anonymous,anonymous,INFO,,,SPN HTTP access GET /modo status=200,"{""source.port"":""0""}"
1787574530805-0,2026-08-24T12:28:50.803641229Z,,api,access,GET /manifest.webmanifest,success,,,0,,,,code-with-quarkus-pride,6f39c60c40414d45b918afeb23dc149e,d3483a68178d4628,anonymous,anonymous,INFO,,,SPN HTTP access GET /manifest.webmanifest status=200,"{""source.port"":""0""}"
1787574530746-0,2026-08-24T12:28:50.743886588Z,,api,access,GET /documentacao,success,,,17000000,,,,code-with-quarkus-pride,ff4c8c0cbd5d4b4aab848c3c7d3340f0,8cea6771e81a4a1b,anonymous,anonymous,INFO,,,SPN HTTP access GET /documentacao status=200,"{""source.port"":""0""}"
1787574525093-0,2026-08-24T12:28:45.090589501Z,,api,access,GET /,success,,,85000000,,,,code-with-quarkus-pride,de430cd12e47434a9f0a46ce4daa92cf,d840364bfcf0433b,anonymous,anonymous,INFO,,,SPN HTTP access GET / status=200,"{""source.port"":""0""}"
1787574524865-0,2026-08-24T12:28:44.861458730Z,,api,access,GET /documentacao/apresentacao,failure,,,13000000,,,,code-with-quarkus-pride,5292c8e72aa9417b81d03335ace9bcc0,c7f6298412614647,anonymous,anonymous,INFO,,,SPN HTTP access GET /documentacao/apresentacao status=404,"{""source.port"":""0""}"
1787574524494-0,2026-08-24T12:28:44.492713957Z,,api,access,GET /documentacao,success,,,33000000,,,,code-with-quarkus-pride,8103357921cb4ad9ba8a87d7dcd94120,d9a6b71dec2b4595,anonymous,anonymous,INFO,,,SPN HTTP access GET /documentacao status=200,"{""source.port"":""0""}"
1787574522599-0,2026-08-24T12:28:42.589487360Z,,api,access,GET /modo,success,,,1000000,,,,code-with-quarkus-pride,ad70ae215aef49c294f0beec79c98618,c7d736de502749c9,anonymous,anonymous,INFO,,,SPN HTTP access GET /modo status=200,"{""source.port"":""0""}"
1787574522489-0,2026-08-24T12:28:42.485751147Z,,api,access,GET /manifest.webmanifest,success,,,0,,,,code-with-quarkus-pride,7b1e4f3583b848d2b7dd3d0174df25c3,85c77096f12c4e81,anonymous,anonymous,INFO,,,SPN HTTP access GET /manifest.webmanifest status=200,"{""source.port"":""0""}"
1787574522431-0,2026-08-24T12:28:42.428735397Z,,api,access,GET /documentacao,success,,,21000000,,,,code-with-quarkus-pride,3c07c7659d5840f5bc51536f905ecbd0,7446901de3ee4707,anonymous,anonymous,INFO,,,SPN HTTP access GET /documentacao status=200,"{""source.port"":""0""}"
1787574519633-0,2026-08-24T12:28:39.629969162Z,,api,access,GET /modo,success,,,0,,,,code-with-quarkus-pride,74535beba7684269abc3dfca952b84ab,ad8852a355184579,anonymous,anonymous,INFO,,,SPN HTTP access GET /modo status=200,"{""source.port"":""0""}"
1787574519444-0,2026-08-24T12:28:39.442944440Z,,api,access,GET /manifest.webmanifest,success,,,0,,,,code-with-quarkus-pride,119227e3c08b41e6a46c860974ebf1dd,c0da9d57fb69440e,anonymous,anonymous,INFO,,,SPN HTTP access GET /manifest.webmanifest status=200,"{""source.port"":""0""}"
1787574518598-0,2026-08-24T12:28:38.594848490Z,,api,access,GET /,success,,,180000000,,,,code-with-quarkus-pride,8ea11a24f73c4f4f942d037f1bb0abf7,5931e0b40199484e,anonymous,anonymous,INFO,,,SPN HTTP access GET / status=200,"{""source.port"":""0""}"
1787573343335-0,2026-08-24T12:09:03.325999581Z,,api,access,GET /modo,success,,,0,,,,code-with-quarkus-pride,3bbe1cb5cdb04be9be59b1e7d6d30a7a,bea96e851a6d4dd1,anonymous,anonymous,INFO,,,SPN HTTP access GET /modo status=200,"{""source.port"":""0""}"
1787573343019-0,2026-08-24T12:09:03.000580269Z,,api,access,GET /manifest.webmanifest,success,,,0,,,,code-with-quarkus-pride,d2f62e3294da4e949425b95910e37d7f,7b6e6d7507e648ae,anonymous,anonymous,INFO,,,SPN HTTP access GET /manifest.webmanifest status=200,"{""source.port"":""0""}"
1787573342907-0,2026-08-24T12:09:02.901493425Z,,api,access,GET /,success,,,236000000,,,,code-with-quarkus-pride,a4519271d4b746e7920656b58e3cc901,22d02fee5413411e,anonymous,anonymous,INFO,,,SPN HTTP access GET / status=200,"{""source.port"":""0""}"
1787573282690-0,2026-08-24T12:08:02.682544653Z,,api,access,GET /modo,success,,,0,,,,code-with-quarkus-pride,43f61f94079d4276b12c394ea1f7c367,22f198635d8648bf,anonymous,anonymous,INFO,,,SPN HTTP access GET /modo status=200,"{""source.port"":""0""}"
1787573282489-0,2026-08-24T12:08:02.481585137Z,,api,access,GET /manifest.webmanifest,success,,,0,,,,code-with-quarkus-pride,3e6ca8347e474866a223da5a515dbf94,27181d8913704467,anonymous,anonymous,INFO,,,SPN HTTP access GET /manifest.webmanifest status=200,"{""source.port"":""0""}"
1787573282290-0,2026-08-24T12:08:02.283075672Z,,api,access,GET /documentacao/justificativa-stack,success,,,625000000,,,,code-with-quarkus-pride,474a74d3c230424090882d258eb94a1d,5f62b987eb9144fd,anonymous,anonymous,INFO,,,SPN HTTP access GET /documentacao/justificativa-stack status=200,"{""source.port"":""0""}"
1787573280711-0,2026-08-24T12:08:00.706767178Z,,api,access,GET /modo,success,,,0,,,,code-with-quarkus-pride,2f7bd52ebe4a447da2ac11e8549aec60,39a7e8920ec241cf,anonymous,anonymous,INFO,,,SPN HTTP access GET /modo status=200,"{""source.port"":""0""}"
1787573280569-0,2026-08-24T12:08:00.555560911Z,,api,access,GET /manifest.webmanifest,success,,,6000000,,,,code-with-quarkus-pride,88abd04259ad41bcab082a0c14afa110,a1b7218ce42f4048,anonymous,anonymous,INFO,,,SPN HTTP access GET /manifest.webmanifest status=200,"{""source.port"":""0""}"
1787573280390-0,2026-08-24T12:08:00.384841570Z,,api,access,GET /documentacao/fatias-verticais,success,,,73000000,,,,code-with-quarkus-pride,171c0d072b92442e8df5912b52b54adb,19a62edf9fd04f12,anonymous,anonymous,INFO,,,SPN HTTP access GET /documentacao/fatias-verticais status=200,"{""source.port"":""0""}"
1787573255358-0,2026-08-24T12:07:35.356692879Z,,api,access,GET /modo,success,,,0,,,,code-with-quarkus-pride,2d0c2d5ce68b4935b80decea82a8e75d,3daa6e86030e41de,anonymous,anonymous,INFO,,,SPN HTTP access GET /modo status=200,"{""source.port"":""0""}"
1787573255231-0,2026-08-24T12:07:35.229650121Z,,api,access,GET /manifest.webmanifest,success,,,0,,,,code-with-quarkus-pride,3a0ed6f0a7c44e32be347fdadabf7ca8,c65033fe275d477b,anonymous,anonymous,INFO,,,SPN HTTP access GET /manifest.webmanifest status=200,"{""source.port"":""0""}"
1787573255151-0,2026-08-24T12:07:35.149720316Z,,api,access,GET /documentacao/instalacao,success,,,43000000,,,,code-with-quarkus-pride,4d4b4b79dfd347fdbea3dced0b562357,6067aa806a7f409f,anonymous,anonymous,INFO,,,SPN HTTP access GET /documentacao/instalacao status=200,"{""source.port"":""0""}"
1787573241157-0,2026-08-24T12:07:21.156193666Z,,api,access,GET /modo,success,,,0,,,,code-with-quarkus-pride,2c5f1700780943bda329faeb2b9e9e13,afa4d3d391b54b2c,anonymous,anonymous,INFO,,,SPN HTTP access GET /modo status=200,"{""source.port"":""0""}"
1787573240791-0,2026-08-24T12:07:20.790162712Z,,api,access,GET /manifest.webmanifest,success,,,0,,,,code-with-quarkus-pride,edfc013acbb6414f90410dc977325816,fef7f8425d584f74,anonymous,anonymous,INFO,,,SPN HTTP access GET /manifest.webmanifest status=200,"{""source.port"":""0""}"
1787573240721-0,2026-08-24T12:07:20.717852505Z,,api,access,GET /documentacao/correlacao,success,,,39000000,,,,code-with-quarkus-pride,612b541e1d1846a7876b5c7ab4b6aa6e,4fc804818aba4fbe,anonymous,anonymous,INFO,,,SPN HTTP access GET /documentacao/correlacao status=200,"{""source.port"":""0""}"
1787573207731-0,2026-08-24T12:06:47.730561842Z,,api,access,GET /modo,success,,,0,,,,code-with-quarkus-pride,7313d3c56ce74c6d9246b9e2e70b5e92,9c03ad51910c4062,anonymous,anonymous,INFO,,,SPN HTTP access GET /modo status=200,"{""source.port"":""0""}"
1787573207497-0,2026-08-24T12:06:47.495124207Z,,api,access,GET /manifest.webmanifest,success,,,0,,,,code-with-quarkus-pride,cb980ed1ab39499fabebd20ac1956065,b90cdd85b64748bb,anonymous,anonymous,INFO,,,SPN HTTP access GET /manifest.webmanifest status=200,"{""source.port"":""0""}"
1787573207432-0,2026-08-24T12:06:47.431308990Z,,api,access,GET /documentacao/soberania,success,,,27000000,,,,code-with-quarkus-pride,5ff2a226dd1e428689ed66dcb554eba7,299fc5b3da114c92,anonymous,anonymous,INFO,,,SPN HTTP access GET /documentacao/soberania status=200,"{""source.port"":""0""}"
1787573200454-0,2026-08-24T12:06:40.453269367Z,,api,access,GET /modo,success,,,0,,,,code-with-quarkus-pride,148d6a7e33a34d24930cee9f5e37889b,c3c82cca85b74dcb,anonymous,anonymous,INFO,,,SPN HTTP access GET /modo status=200,"{""source.port"":""0""}"
1787573200254-0,2026-08-24T12:06:40.251112583Z,,api,access,GET /manifest.webmanifest,success,,,1000000,,,,code-with-quarkus-pride,79b0c306c5ba497c9f6c9a7a29fed30f,f28cb74ce821419a,anonymous,anonymous,INFO,,,SPN HTTP access GET /manifest.webmanifest status=200,"{""source.port"":""0""}"
1787573200176-0,2026-08-24T12:06:40.174447979Z,,api,access,GET /documentacao/desempenho,success,,,41000000,,,,code-with-quarkus-pride,05d716ad483f4f899fa29c413f6c1465,5a6d15125b32404d,anonymous,anonymous,INFO,,,SPN HTTP access GET /documentacao/desempenho status=200,"{""source.port"":""0""}"
1787573179693-0,2026-08-24T12:06:19.691695808Z,,api,access,GET /modo,success,,,0,,,,code-with-quarkus-pride,eb713187126e4a57a7db82fc9a32de6d,86d37fcbacf74c44,anonymous,anonymous,INFO,,,SPN HTTP access GET /modo status=200,"{""source.port"":""0""}"
1787573179433-0,2026-08-24T12:06:19.431183115Z,,api,access,GET /manifest.webmanifest,success,,,0,,,,code-with-quarkus-pride,3b3d8d9918e44639868d7280a27a9fc5,9a99419151ac4f86,anonymous,anonymous,INFO,,,SPN HTTP access GET /manifest.webmanifest status=200,"{""source.port"":""0""}"
1787573179357-0,2026-08-24T12:06:19.356028529Z,,api,access,GET /documentacao/testes-de-carga,success,,,54000000,,,,code-with-quarkus-pride,a0d78180619e47aa9f4744077aa5e037,9ef5bb2925a64a7b,anonymous,anonymous,INFO,,,SPN HTTP access GET /documentacao/testes-de-carga status=200,"{""source.port"":""0""}"
1787573165873-0,2026-08-24T12:06:05.871205426Z,,api,access,GET /modo,success,,,0,,,,code-with-quarkus-pride,60a77fff7b2d41adb71c69226e7d36ad,5956c4deb61e45be,anonymous,anonymous,INFO,,,SPN HTTP access GET /modo status=200,"{""source.port"":""0""}"
1787573164901-0,2026-08-24T12:06:04.870614435Z,,api,access,GET /manifest.webmanifest,success,,,0,,,,code-with-quarkus-pride,e62e352c78714c59bd125de68b03d938,4a7dd807686a402f,anonymous,anonymous,INFO,,,SPN HTTP access GET /manifest.webmanifest status=200,"{""source.port"":""0""}"
1787573164777-0,2026-08-24T12:06:04.775567384Z,,api,access,GET /documentacao/engenharia,success,,,199000000,,,,code-with-quarkus-pride,f6255d91bb9c485da45ad831f5a49482,683d8dca173f4fb7,anonymous,anonymous,INFO,,,SPN HTTP access GET /documentacao/engenharia status=200,"{""source.port"":""0""}"
1787573156082-0,2026-08-24T12:05:56.076309142Z,,api,access,GET /modo,success,,,0,,,,code-with-quarkus-pride,4886d35e5e0942a4b4948605c57f7108,dfffd9354410471e,anonymous,anonymous,INFO,,,SPN HTTP access GET /modo status=200,"{""source.port"":""0""}"
1787573156034-0,2026-08-24T12:05:56.029322454Z,,api,access,GET /manifest.webmanifest,success,,,0,,,,code-with-quarkus-pride,9299b579cad744babbfe33584a3a3666,b209cd40280a44d9,anonymous,anonymous,INFO,,,SPN HTTP access GET /manifest.webmanifest status=200,"{""source.port"":""0""}"
1787573155881-0,2026-08-24T12:05:55.878901953Z,,api,access,GET /documentacao,success,,,598000000,,,,code-with-quarkus-pride,aa59b7abd24b40c686f91bc34c813013,2af42cc5ceb84218,anonymous,anonymous,INFO,,,SPN HTTP access GET /documentacao status=200,"{""source.port"":""0""}"
1787573152266-0,2026-08-24T12:05:52.264956715Z,,api,access,GET /modo,success,,,3000000,,,,code-with-quarkus-pride,ad511cfee6d44b15a257b5594be0b142,ccf54a4019644991,anonymous,anonymous,INFO,,,SPN HTTP access GET /modo status=200,"{""source.port"":""0""}"
1787573152041-0,2026-08-24T12:05:52.037857802Z,,api,access,GET /manifest.webmanifest,success,,,6000000,,,,code-with-quarkus-pride,b930ded917424226b2f8043080df3d9c,0af7bf1dba9c4971,anonymous,anonymous,INFO,,,SPN HTTP access GET /manifest.webmanifest status=200,"{""source.port"":""0""}"
1787573151730-0,2026-08-24T12:05:51.637202289Z,,api,access,GET /,success,,,857000000,,,,code-with-quarkus-pride,c291cb5f15ce4e8797fbb3e8a0c24739,6246f91b4daa41a9,anonymous,anonymous,INFO,,,SPN HTTP access GET / status=200,"{""source.port"":""0""}"
1787531880070-0,2026-08-24T00:38:00.066867282Z,,api,access,GET /modo,success,,,3000000,,,,code-with-quarkus-pride,b4b8a91550db47339cb49d35e1331be8,c41a5130e2214752,anonymous,anonymous,INFO,,,SPN HTTP access GET /modo status=200,"{""source.port"":""0""}"
1787531879845-0,2026-08-24T00:37:59.842049126Z,,api,access,GET /manifest.webmanifest,success,,,4000000,,,,code-with-quarkus-pride,d8593c43a5ef47c7b36a212442ce42db,97728fb7622343fe,anonymous,anonymous,INFO,,,SPN HTTP access GET /manifest.webmanifest status=200,"{""source.port"":""0""}"
1787531879595-0,2026-08-24T00:37:59.507331138Z,,api,access,GET /,success,,,690000000,,,,code-with-quarkus-pride,c724c2d7b0b94156a92c453ad33c4114,b8f2d33545a541f8,anonymous,anonymous,INFO,,,SPN HTTP access GET / status=200,"{""source.port"":""0""}"
1787450515165-0,2026-08-23T02:01:55.060663305Z,,api,access,GET /,success,,,894000000,,,,code-with-quarkus-pride,5809b8d945de4ce99f57ce05674ae91f,7ff4c39ac1754bf8,anonymous,anonymous,INFO,,,SPN HTTP access GET / status=200,"{""source.port"":""0""}"
1787427769615-0,2026-08-22T19:42:49.613708383Z,,api,access,GET /,success,,,44000000,,,,code-with-quarkus-pride,9728a58c025345568cb656d1b53bf5a4,9adcbc631c8548e7,anonymous,anonymous,INFO,,,SPN HTTP access GET / status=200,"{""source.port"":""0""}"
1787427764102-0,2026-08-22T19:42:44.101214135Z,,api,access,GET /,success,,,48000000,,,,code-with-quarkus-pride,44c9704bfb504e8c9ac4a92ba8eafe4e,259691d2e9b747da,anonymous,anonymous,INFO,,,SPN HTTP access GET / status=200,"{""source.port"":""0""}"
1787427756652-0,2026-08-22T19:42:36.650626651Z,,api,access,GET /,success,,,134000000,,,,code-with-quarkus-pride,2096532d143f40a982b8ee5de9a3f9c4,5ffef868ab5d479d,anonymous,anonymous,INFO,,,SPN HTTP access GET / status=200,"{""source.port"":""0""}"
1787427754339-0,2026-08-22T19:42:34.247723017Z,,api,access,GET /,success,,,603000000,,,,code-with-quarkus-pride,689ede9bc0344370a36ae77b3662040b,3a17c53b3bc54913,anonymous,anonymous,INFO,,,SPN HTTP access GET / status=200,"{""source.port"":""0""}"
1787323837436-0,2026-08-21T14:50:37.434001150Z,,api,access,GET /home/situacao,success,,,3000000,,,,code-with-quarkus-pride,f75debcf0ad64ffd8fe9dbf73adcf2ab,6339dd0d79a2402e,anonymous,anonymous,INFO,,,SPN HTTP access GET /home/situacao status=200,"{""source.port"":""0""}"
1787323821643-0,2026-08-21T14:50:21.638582871Z,,api,access,GET /modo,success,,,4000000,,,,code-with-quarkus-pride,f4541392e57e49a88e4de08b1e633f4b,91b757081bde4631,anonymous,anonymous,INFO,,,SPN HTTP access GET /modo status=200,"{""source.port"":""0""}"
1787323821141-0,2026-08-21T14:50:21.049970216Z,,api,access,GET /,success,,,984000000,,,,code-with-quarkus-pride,5b3e0bb415f94431928264492dae0efc,56611ed0c340489e,anonymous,anonymous,INFO,,,SPN HTTP access GET / status=200,"{""source.port"":""0""}"
1787262461434-0,2026-08-20T21:47:41.432202777Z,,api,access,GET /correlacao/tabela,success,,,23000000,,,,code-with-quarkus-pride,ef6995d58c684ced88d603181022c0b6,b63fb76dafeb48b6,anonymous,anonymous,INFO,,,SPN HTTP access GET /correlacao/tabela status=200,"{""source.port"":""0""}"
1787262461430-0,2026-08-20T21:47:41.429297818Z,event,process,,correlacao.calculada,success,correlacao,pride.correlacao,,,,,,,,,,,,,,"{""labels.relatorios_ilegiveis"":""0"",""labels.truncado"":""false"",""labels.sem_chave"":""0"",""labels.arquivos_cruzados"":""26"",""labels.achados_lidos"":""73""}"
1787262452329-0,2026-08-20T21:47:32.326600910Z,,api,access,GET /modo,success,,,0,,,,code-with-quarkus-pride,99f823c32006495a814c2022cdb71cc9,65c32efb2c064c8b,anonymous,anonymous,INFO,,,SPN HTTP access GET /modo status=200,"{""source.port"":""0""}"
1787262451999-0,2026-08-20T21:47:31.998074009Z,,api,access,GET /manifest.webmanifest,success,,,0,,,,code-with-quarkus-pride,b2f4e1135f8f45d3acd252f709c01757,00f14e322a45448c,anonymous,anonymous,INFO,,,SPN HTTP access GET /manifest.webmanifest status=200,"{""source.port"":""0""}"
1787262451678-0,2026-08-20T21:47:31.677133032Z,,api,access,GET /correlacao,success,,,88000000,,,,code-with-quarkus-pride,230874f6845944af83016d485c12cbbb,018f83e1f5a14ef7,anonymous,anonymous,INFO,,,SPN HTTP access GET /correlacao status=200,"{""source.port"":""0""}"
1787262451650-0,2026-08-20T21:47:31.648809096Z,event,process,,correlacao.calculada,success,correlacao,pride.correlacao,,,,,,,,,,,,,,"{""labels.relatorios_ilegiveis"":""0"",""labels.truncado"":""false"",""labels.sem_chave"":""0"",""labels.arquivos_cruzados"":""26"",""labels.achados_lidos"":""73""}"
1787262451486-0,2026-08-20T21:47:31.484201808Z,,api,access,GET /modo,success,,,0,,,,code-with-quarkus-pride,6354f168059a4134bb101e21485e51a9,1299f93f47894636,anonymous,anonymous,INFO,,,SPN HTTP access GET /modo status=200,"{""source.port"":""0""}"
1787262451158-0,2026-08-20T21:47:31.157375321Z,,api,access,GET /manifest.webmanifest,success,,,0,,,,code-with-quarkus-pride,285baeca08fd4d9299689267ef320756,1ba5d3a868254d88,anonymous,anonymous,INFO,,,SPN HTTP access GET /manifest.webmanifest status=200,"{""source.port"":""0""}"
1787262451043-0,2026-08-20T21:47:31.041758615Z,,api,access,GET /telemetria,success,,,338000000,,,,code-with-quarkus-pride,d1f7b64541154cdba9dc1b31480c4c4c,9e08a36ed6ba47a4,anonymous,anonymous,INFO,,,SPN HTTP access GET /telemetria status=200,"{""source.port"":""0""}"
1787262438729-0,2026-08-20T21:47:18.728177395Z,,api,access,GET /modo,success,,,0,,,,code-with-quarkus-pride,e4eeac49a5174793959265dc8edddbd0,c09829842e6744b1,anonymous,anonymous,INFO,,,SPN HTTP access GET /modo status=200,"{""source.port"":""0""}"
1787262438189-0,2026-08-20T21:47:18.187312259Z,,api,access,GET /manifest.webmanifest,success,,,0,,,,code-with-quarkus-pride,f9a811fef79f42739c473603dc754efb,d4cff592a05f4733,anonymous,anonymous,INFO,,,SPN HTTP access GET /manifest.webmanifest status=200,"{""source.port"":""0""}"
1787262438132-0,2026-08-20T21:47:18.129813758Z,,api,access,GET /scan,success,,,37000000,,,,code-with-quarkus-pride,61f0d23a3968409fa053a83697af2ac8,51693b8b7db64bbe,anonymous,anonymous,INFO,,,SPN HTTP access GET /scan status=200,"{""source.port"":""0""}"
1787262429310-0,2026-08-20T21:47:09.306447714Z,,api,access,GET /modo,success,,,0,,,,code-with-quarkus-pride,f6068245668348129f452ab2a104737a,ab6667a89e684f82,anonymous,anonymous,INFO,,,SPN HTTP access GET /modo status=200,"{""source.port"":""0""}"
1787262428868-0,2026-08-20T21:47:08.864962298Z,,api,access,GET /manifest.webmanifest,success,,,0,,,,code-with-quarkus-pride,4878c5823ef74b6387e25645d43e451a,0672d6646eab4c85,anonymous,anonymous,INFO,,,SPN HTTP access GET /manifest.webmanifest status=200,"{""source.port"":""0""}"
1787262428491-0,2026-08-20T21:47:08.484830497Z,,api,access,GET /telemetria,success,,,726000000,,,,code-with-quarkus-pride,c85f3fb113cf4f2c9df08c3d85523458,41d4b402a2eb4e12,anonymous,anonymous,INFO,,,SPN HTTP access GET /telemetria status=200,"{""source.port"":""0""}"
1787262424097-0,2026-08-20T21:47:04.092550130Z,,api,access,GET /modo,success,,,13000000,,,,code-with-quarkus-pride,16e336c898164f44a869d2de383f73fd,184ce347caa24249,anonymous,anonymous,INFO,,,SPN HTTP access GET /modo status=200,"{""source.port"":""0""}"
1787262423888-0,2026-08-20T21:47:03.884670620Z,,api,access,GET /manifest.webmanifest,success,,,34000000,,,,code-with-quarkus-pride,02557f7b405d49a698c7cff2f789d28f,57355e5f0fa0489e,anonymous,anonymous,INFO,,,SPN HTTP access GET /manifest.webmanifest status=200,"{""source.port"":""0""}"
1787262422755-0,2026-08-20T21:47:02.748740842Z,,api,access,GET /,success,,,558000000,,,,code-with-quarkus-pride,6eb82e1a6da4441b9f29f938483e83a2,3f4761fd30134fe2,anonymous,anonymous,INFO,,,SPN HTTP access GET / status=200,"{""source.port"":""0""}"
1787259119944-0,2026-08-20T20:51:59.942469933Z,,api,access,GET /,success,,,61000000,,,,code-with-quarkus-pride,020e77db20654702b73fae206f674f96,98c228ff557d4ccc,anonymous,anonymous,INFO,,,SPN HTTP access GET / status=200,"{""source.port"":""0""}"
1787259063044-0,2026-08-20T20:51:03.041154714Z,,api,access,GET /,success,,,84000000,,,,code-with-quarkus-pride,97b60d146c9b42efa0eec680121cd417,ed7c5e200f314e2a,anonymous,anonymous,INFO,,,SPN HTTP access GET / status=200,"{""source.port"":""0""}"
1787259062863-0,2026-08-20T20:51:02.850973645Z,,api,access,GET /,success,,,174000000,,,,code-with-quarkus-pride,ae18ddd593f74f2da2e0f0d1744dbd4d,a7ba32c2ab2b442e,anonymous,anonymous,INFO,,,SPN HTTP access GET / status=200,"{""source.port"":""0""}"
1787259062525-0,2026-08-20T20:51:02.511556399Z,,api,access,GET /,success,,,551000000,,,,code-with-quarkus-pride,946fa2e29f0c4f978d4df4ccd1c772fe,83216aec0fb2430f,anonymous,anonymous,INFO,,,SPN HTTP access GET / status=200,"{""source.port"":""0""}"
1787257376672-0,2026-08-20T20:22:56.671368931Z,,api,access,GET /telemetria/eventos,success,,,9000000,,,,code-with-quarkus-pride,994aa4ec234342f1b29f65904730ae43,c7a814b14b794799,anonymous,anonymous,INFO,,,SPN HTTP access GET /telemetria/eventos status=200,"{""source.port"":""0""}"
1787257375641-0,2026-08-20T20:22:55.640272555Z,,api,access,GET /telemetria/painel,success,,,8000000,,,,code-with-quarkus-pride,09c47e7ce07f4e0a8d8e4faea41a189d,ea8916b8c45c4aee,anonymous,anonymous,INFO,,,SPN HTTP access GET /telemetria/painel status=200,"{""source.port"":""0""}"
1787257372676-0,2026-08-20T20:22:52.674785451Z,,api,access,GET /telemetria/eventos,success,,,7000000,,,,code-with-quarkus-pride,f5afff283ec94256897b6c2796db46c5,36eb0106462443bf,anonymous,anonymous,INFO,,,SPN HTTP access GET /telemetria/eventos status=200,"{""source.port"":""0""}"
1787257372640-0,2026-08-20T20:22:52.639454976Z,,api,access,GET /telemetria/painel,success,,,5000000,,,,code-with-quarkus-pride,36b9ed36603d44f69d8aceca7f0a28d5,30b867ba30b94b53,anonymous,anonymous,INFO,,,SPN HTTP access GET /telemetria/painel status=200,"{""source.port"":""0""}"
1787257369644-0,2026-08-20T20:22:49.643862677Z,,api,access,GET /telemetria/painel,success,,,4000000,,,,code-with-quarkus-pride,89b2e716625741b082ac90abbb5adfdc,9ff40c5fe25e45a2,anonymous,anonymous,INFO,,,SPN HTTP access GET /telemetria/painel status=200,"{""source.port"":""0""}"
1787257368637-0,2026-08-20T20:22:48.636668721Z,,api,access,GET /telemetria/console,success,,,0,,,,code-with-quarkus-pride,b4a32023ba8f4b75b5f8affca4d62811,b127487c9c0647e5,anonymous,anonymous,INFO,,,SPN HTTP access GET /telemetria/console status=200,"{""source.port"":""0""}"
1787257366672-0,2026-08-20T20:22:46.671532649Z,,api,access,GET /telemetria/eventos,success,,,9000000,,,,code-with-quarkus-pride,02527fd5902a46dca635dc1a7f683d0c,9fc20a08c8a24011,anonymous,anonymous,INFO,,,SPN HTTP access GET /telemetria/eventos status=200,"{""source.port"":""0""}"
1787257365656-0,2026-08-20T20:22:45.655228117Z,,api,access,GET /telemetria/painel,success,,,5000000,,,,code-with-quarkus-pride,744ee4c817464bb580346d1f68da1a5d,999f3af7dbea4510,anonymous,anonymous,INFO,,,SPN HTTP access GET /telemetria/painel status=200,"{""source.port"":""0""}"
1787257362664-0,2026-08-20T20:22:42.663459950Z,,api,access,GET /telemetria/eventos,success,,,8000000,,,,code-with-quarkus-pride,4633b59f760f4e2ea49e889563e7c549,e032b289795d432f,anonymous,anonymous,INFO,,,SPN HTTP access GET /telemetria/eventos status=200,"{""source.port"":""0""}"
1787257362646-0,2026-08-20T20:22:42.645678699Z,,api,access,GET /telemetria/painel,success,,,5000000,,,,code-with-quarkus-pride,0f924ed656c446bcbbac179e3dfe20be,d28a0e9aea104467,anonymous,anonymous,INFO,,,SPN HTTP access GET /telemetria/painel status=200,"{""source.port"":""0""}"
1787257359668-0,2026-08-20T20:22:39.665568838Z,,api,access,GET /telemetria/painel,success,,,6000000,,,,code-with-quarkus-pride,dab324fcb2d543a38294d0ea34c6d7ec,bff4c73c360c4334,anonymous,anonymous,INFO,,,SPN HTTP access GET /telemetria/painel status=200,"{""source.port"":""0""}"
1787257358642-0,2026-08-20T20:22:38.641737752Z,,api,access,GET /telemetria/console,success,,,0,,,,code-with-quarkus-pride,3dd7d335615c4702a7dd83c0183d2f58,ca175a86b7984448,anonymous,anonymous,INFO,,,SPN HTTP access GET /telemetria/console status=200,"{""source.port"":""0""}"
1787257356678-0,2026-08-20T20:22:36.677844303Z,,api,access,GET /telemetria/eventos,success,,,11000000,,,,code-with-quarkus-pride,ec7772f98fc84b49bcf0e6cb472ba1d2,935072e3d2194c47,anonymous,anonymous,INFO,,,SPN HTTP access GET /telemetria/eventos status=200,"{""source.port"":""0""}"
1787257355645-0,2026-08-20T20:22:35.642664059Z,,api,access,GET /telemetria/painel,success,,,6000000,,,,code-with-quarkus-pride,9fd2046ddf3644dd9bf4a306fec4a3c2,e281fa6fdc284bd0,anonymous,anonymous,INFO,,,SPN HTTP access GET /telemetria/painel status=200,"{""source.port"":""0""}"
1787257352671-0,2026-08-20T20:22:32.669509900Z,,api,access,GET /telemetria/painel,success,,,5000000,,,,code-with-quarkus-pride,14dfb3e33b2b4f87987c0bf515543fd3,a3e9001b6f2c4b54,anonymous,anonymous,INFO,,,SPN HTTP access GET /telemetria/painel status=200,"{""source.port"":""0""}"
1787257352650-0,2026-08-20T20:22:32.648680634Z,,api,access,GET /telemetria/eventos,success,,,11000000,,,,code-with-quarkus-pride,416878d4632e406ca6cfef8ea5263fc0,255cc5d3e8fa4ce0,anonymous,anonymous,INFO,,,SPN HTTP access GET /telemetria/eventos status=200,"{""source.port"":""0""}"
1787257349657-0,2026-08-20T20:22:29.656131866Z,,api,access,GET /telemetria/painel,success,,,7000000,,,,code-with-quarkus-pride,482505551e3a4f2c8b182e501765b35e,da99f70e303b4c85,anonymous,anonymous,INFO,,,SPN HTTP access GET /telemetria/painel status=200,"{""source.port"":""0""}"
1787257348656-0,2026-08-20T20:22:28.653927087Z,,api,access,GET /telemetria/console,success,,,2000000,,,,code-with-quarkus-pride,edff7d15aa9049cbbd5b4d7ec7cf506b,029499f674af4f96,anonymous,anonymous,INFO,,,SPN HTTP access GET /telemetria/console status=200,"{""source.port"":""0""}"
1787257346643-0,2026-08-20T20:22:26.641526800Z,,api,access,GET /telemetria/eventos,success,,,7000000,,,,code-with-quarkus-pride,b4fb0a95f09845cfa3af819b9cdc973a,c1db98e23f8b4fc2,anonymous,anonymous,INFO,,,SPN HTTP access GET /telemetria/eventos status=200,"{""source.port"":""0""}"
1787257345652-0,2026-08-20T20:22:25.651892950Z,,api,access,GET /telemetria/painel,success,,,8000000,,,,code-with-quarkus-pride,6e9b1b43e6574c87abcc62697abe93e7,bde3d808b4094664,anonymous,anonymous,INFO,,,SPN HTTP access GET /telemetria/painel status=200,"{""source.port"":""0""}"
1787257342642-1,2026-08-20T20:22:22.640658740Z,,api,access,GET /telemetria/painel,success,,,5000000,,,,code-with-quarkus-pride,fcd83be7e2e4479dbafcc477146e52f0,dd079dfff5cf4147,anonymous,anonymous,INFO,,,SPN HTTP access GET /telemetria/painel status=200,"{""source.port"":""0""}"
1787257342642-0,2026-08-20T20:22:22.639394017Z,,api,access,GET /telemetria/eventos,success,,,5000000,,,,code-with-quarkus-pride,ea5b4ffc9fbd40b9ad38c2898c703e67,ade3f763a3254432,anonymous,anonymous,INFO,,,SPN HTTP access GET /telemetria/eventos status=200,"{""source.port"":""0""}"
1787257339663-0,2026-08-20T20:22:19.661913766Z,,api,access,GET /telemetria/painel,success,,,5000000,,,,code-with-quarkus-pride,22a535e6fa804c3f92650b22a4e7872b,10c19c7567094339,anonymous,anonymous,INFO,,,SPN HTTP access GET /telemetria/painel status=200,"{""source.port"":""0""}"
1787257338665-0,2026-08-20T20:22:18.664152204Z,,api,access,GET /telemetria/console,success,,,0,,,,code-with-quarkus-pride,34a1c197c86f465e88c90098b0f939e5,26704b820c90481b,anonymous,anonymous,INFO,,,SPN HTTP access GET /telemetria/console status=200,"{""source.port"":""0""}"
1787257336662-0,2026-08-20T20:22:16.657567313Z,,api,access,GET /telemetria/eventos,success,,,6000000,,,,code-with-quarkus-pride,5a21f2f576f0450195752a6a74ed3928,c2c9ce65f19045b3,anonymous,anonymous,INFO,,,SPN HTTP access GET /telemetria/eventos status=200,"{""source.port"":""0""}"
1787257335674-0,2026-08-20T20:22:15.671814334Z,,api,access,GET /telemetria/painel,success,,,5000000,,,,code-with-quarkus-pride,040a7a58724a4be7aade60731952d356,323eb8d4c33a4ab3,anonymous,anonymous,INFO,,,SPN HTTP access GET /telemetria/painel status=200,"{""source.port"":""0""}"
1787257332697-0,2026-08-20T20:22:12.694730565Z,,api,access,GET /telemetria/eventos,success,,,16000000,,,,code-with-quarkus-pride,c873f10c7f684edbbcd1c86246897c3d,7229855c965e4d7d,anonymous,anonymous,INFO,,,SPN HTTP access GET /telemetria/eventos status=200,"{""source.port"":""0""}"
1787257332663-0,2026-08-20T20:22:12.660497485Z,,api,access,GET /telemetria/painel,success,,,7000000,,,,code-with-quarkus-pride,e02221576fc248999d527148d5031415,42a2050834b040d6,anonymous,anonymous,INFO,,,SPN HTTP access GET /telemetria/painel status=200,"{""source.port"":""0""}"
1787257329653-0,2026-08-20T20:22:09.652361917Z,,api,access,GET /telemetria/painel,success,,,6000000,,,,code-with-quarkus-pride,c51e24bde5334d7a8af7449ace23d3e5,2c8587f63bae4f46,anonymous,anonymous,INFO,,,SPN HTTP access GET /telemetria/painel status=200,"{""source.port"":""0""}"
1787257328687-0,2026-08-20T20:22:08.686563440Z,,api,access,GET /telemetria/console,success,,,1000000,,,,code-with-quarkus-pride,52934509db9e4f738ea705bd275fb971,8c155ce967b046a0,anonymous,anonymous,INFO,,,SPN HTTP access GET /telemetria/console status=200,"{""source.port"":""0""}"
1787257326680-0,2026-08-20T20:22:06.678536983Z,,api,access,GET /telemetria/eventos,success,,,11000000,,,,code-with-quarkus-pride,45c84336a4b5489da957898881dcfd8b,d8ddf0df9dad4679,anonymous,anonymous,INFO,,,SPN HTTP access GET /telemetria/eventos status=200,"{""source.port"":""0""}"
1787257325654-0,2026-08-20T20:22:05.650744473Z,,api,access,GET /telemetria/painel,success,,,6000000,,,,code-with-quarkus-pride,d07b5460c5db4f479189befa712771cd,9e80706d37de4ecf,anonymous,anonymous,INFO,,,SPN HTTP access GET /telemetria/painel status=200,"{""source.port"":""0""}"
1787257322846-0,2026-08-20T20:22:02.827071781Z,,api,access,GET /telemetria/eventos,success,,,99000000,,,,code-with-quarkus-pride,979bfd6478744264a94ba1c04d6925ca,70a56133dcb14883,anonymous,anonymous,INFO,,,SPN HTTP access GET /telemetria/eventos status=200,"{""source.port"":""0""}"
1787257322775-0,2026-08-20T20:22:02.748650615Z,,api,access,GET /telemetria/painel,success,,,72000000,,,,code-with-quarkus-pride,9effd0060bc44f0b9ab82ea6b10a9f13,b162151e0e754f82,anonymous,anonymous,INFO,,,SPN HTTP access GET /telemetria/painel status=200,"{""source.port"":""0""}"
1787257319661-0,2026-08-20T20:21:59.657984230Z,,api,access,GET /telemetria/painel,success,,,7000000,,,,code-with-quarkus-pride,c5d39fb788404f67aa437d8378bf4d6d,d06c643fbed84c90,anonymous,anonymous,INFO,,,SPN HTTP access GET /telemetria/painel status=200,"{""source.port"":""0""}"
1787257318673-0,2026-08-20T20:21:58.669377207Z,,api,access,GET /telemetria/console,success,,,1000000,,,,code-with-quarkus-pride,5c71af4f42324435a816c69299bd3a76,adfb6595b8bb4916,anonymous,anonymous,INFO,,,SPN HTTP access GET /telemetria/console status=200,"{""source.port"":""0""}"
1787257317667-0,2026-08-20T20:21:57.662274694Z,,api,access,GET /telemetria/painel,success,,,10000000,,,,code-with-quarkus-pride,9118e6fde894468481e4abb7da61f616,ba784353011c43a6,anonymous,anonymous,INFO,,,SPN HTTP access GET /telemetria/painel status=200,"{""source.port"":""0""}"
1787257316654-0,2026-08-20T20:21:56.653260329Z,,api,access,GET /telemetria/eventos,success,,,10000000,,,,code-with-quarkus-pride,795508fd8ab04eecaa55b67181afcac2,5742163dd4df41c8,anonymous,anonymous,INFO,,,SPN HTTP access GET /telemetria/eventos status=200,"{""source.port"":""0""}"
1787257314644-0,2026-08-20T20:21:54.642996203Z,,api,access,GET /telemetria/painel,success,,,5000000,,,,code-with-quarkus-pride,4635291f485b45bc975bbe66bdad68fa,2a57a312ba3e4d42,anonymous,anonymous,INFO,,,SPN HTTP access GET /telemetria/painel status=200,"{""source.port"":""0""}"
1787257312637-0,2026-08-20T20:21:52.636022828Z,,api,access,GET /telemetria/eventos,success,,,5000000,,,,code-with-quarkus-pride,105c8c054fc449d88602374cb0c6eb4b,123046fda994492e,anonymous,anonymous,INFO,,,SPN HTTP access GET /telemetria/eventos status=200,"{""source.port"":""0""}"
1787257311663-0,2026-08-20T20:21:51.661423543Z,,api,access,GET /telemetria/painel,success,,,6000000,,,,code-with-quarkus-pride,2e02006b2a2847fca77f1be9226015ef,1cebd827b39f4ebb,anonymous,anonymous,INFO,,,SPN HTTP access GET /telemetria/painel status=200,"{""source.port"":""0""}"
1787257308631-0,2026-08-20T20:21:48.627957713Z,,api,access,GET /telemetria/console,success,,,2000000,,,,code-with-quarkus-pride,4b084eca2bed46328aa1b13ea1962b6b,8306ac3e99a248ae,anonymous,anonymous,INFO,,,SPN HTTP access GET /telemetria/console status=200,"{""source.port"":""0""}"
1787257306652-0,2026-08-20T20:21:46.651035868Z,,api,access,GET /telemetria/eventos,success,,,6000000,,,,code-with-quarkus-pride,841e499fb86c4a62b382c9bfd8e6e1c8,3c3dc1ddb0624f88,anonymous,anonymous,INFO,,,SPN HTTP access GET /telemetria/eventos status=200,"{""source.port"":""0""}"
1787257306648-0,2026-08-20T20:21:46.647882374Z,,api,access,GET /telemetria/painel,success,,,5000000,,,,code-with-quarkus-pride,37440f6146144d7bb5fdadea4fa801ee,ce757f132a9c4c74,anonymous,anonymous,INFO,,,SPN HTTP access GET /telemetria/painel status=200,"{""source.port"":""0""}"
1787257303651-0,2026-08-20T20:21:43.648905369Z,,api,access,GET /telemetria/painel,success,,,5000000,,,,code-with-quarkus-pride,5abf57f665964e79b707d786150acb40,2416ecb89a064ef3,anonymous,anonymous,INFO,,,SPN HTTP access GET /telemetria/painel status=200,"{""source.port"":""0""}"
1787257302678-0,2026-08-20T20:21:42.676890679Z,,api,access,GET /telemetria/eventos,success,,,14000000,,,,code-with-quarkus-pride,f718405f8e194885bec6a5fcd46ebe82,aaf619cb8f524951,anonymous,anonymous,INFO,,,SPN HTTP access GET /telemetria/eventos status=200,"{""source.port"":""0""}"
1787257301638-0,2026-08-20T20:21:41.636711870Z,,api,access,GET /telemetria/painel,success,,,7000000,,,,code-with-quarkus-pride,1cc81ec181654d47a0b2285458854464,d4a36b2727354419,anonymous,anonymous,INFO,,,SPN HTTP access GET /telemetria/painel status=200,"{""source.port"":""0""}"
1787257298650-0,2026-08-20T20:21:38.649524992Z,,api,access,GET /telemetria/console,success,,,0,,,,code-with-quarkus-pride,90516406077c4d90ad125dea165bf8d0,6685d25f2a4746d0,anonymous,anonymous,INFO,,,SPN HTTP access GET /telemetria/console status=200,"{""source.port"":""0""}"
1787257296671-0,2026-08-20T20:21:36.668452812Z,,api,access,GET /telemetria/eventos,success,,,12000000,,,,code-with-quarkus-pride,3e551564c2ed4d64a74cf074f83b3bcd,87c4bf768d224fcc,anonymous,anonymous,INFO,,,SPN HTTP access GET /telemetria/eventos status=200,"{""source.port"":""0""}"
1787257296670-0,2026-08-20T20:21:36.667786679Z,,api,access,GET /telemetria/painel,success,,,11000000,,,,code-with-quarkus-pride,4127bedc6ed545e58c01853230ab5d3b,87a71f27043a440f,anonymous,anonymous,INFO,,,SPN HTTP access GET /telemetria/painel status=200,"{""source.port"":""0""}"
1787257293673-0,2026-08-20T20:21:33.671961389Z,,api,access,GET /telemetria/painel,success,,,5000000,,,,code-with-quarkus-pride,67ebb796e66248d9a1acc1b5b378ef26,7aa485508b074d08,anonymous,anonymous,INFO,,,SPN HTTP access GET /telemetria/painel status=200,"{""source.port"":""0""}"
1787257292670-0,2026-08-20T20:21:32.667627141Z,,api,access,GET /telemetria/eventos,success,,,7000000,,,,code-with-quarkus-pride,503272aea72a4c769d5f5ba24bf7c773,37e88fea78d54d0d,anonymous,anonymous,INFO,,,SPN HTTP access GET /telemetria/eventos status=200,"{""source.port"":""0""}"
1787257291090-0,2026-08-20T20:21:31.089279716Z,,api,access,GET /telemetria/painel,success,,,5000000,,,,code-with-quarkus-pride,b62d4bc430064b159fd1e87eccf2f692,ad64efc3a17040c2,anonymous,anonymous,INFO,,,SPN HTTP access GET /telemetria/painel status=200,"{""source.port"":""0""}"
1787257289059-0,2026-08-20T20:21:29.056140969Z,,api,access,GET /telemetria/painel,success,,,9000000,,,,code-with-quarkus-pride,a4c42f002a9146b3ab5bf71cf943a247,056a35266db64403,anonymous,anonymous,INFO,,,SPN HTTP access GET /telemetria/painel status=200,"{""source.port"":""0""}"
1787257288637-0,2026-08-20T20:21:28.636807200Z,,api,access,GET /telemetria/console,success,,,0,,,,code-with-quarkus-pride,07c139cb719e4a119fe964c187fdb091,8b7f52bc43704227,anonymous,anonymous,INFO,,,SPN HTTP access GET /telemetria/console status=200,"{""source.port"":""0""}"
1787257286640-0,2026-08-20T20:21:26.638561152Z,,api,access,GET /telemetria/eventos,success,,,8000000,,,,code-with-quarkus-pride,8ec85de593de4bd4b7cef89b9f2c92e9,837ca5866ac74540,anonymous,anonymous,INFO,,,SPN HTTP access GET /telemetria/eventos status=200,"{""source.port"":""0""}"
1787257285697-0,2026-08-20T20:21:25.696911146Z,,api,access,GET /telemetria/painel,success,,,4000000,,,,code-with-quarkus-pride,d19a0df2c1d2403aad7225c604f70c98,27f87920230f4e5c,anonymous,anonymous,INFO,,,SPN HTTP access GET /telemetria/painel status=200,"{""source.port"":""0""}"
1787257282734-0,2026-08-20T20:21:22.733204014Z,,api,access,GET /telemetria/eventos,success,,,10000000,,,,code-with-quarkus-pride,b6a2446924c44148b6afae59fc630144,810a358871794250,anonymous,anonymous,INFO,,,SPN HTTP access GET /telemetria/eventos status=200,"{""source.port"":""0""}"
1787257282659-0,2026-08-20T20:21:22.657979037Z,,api,access,GET /telemetria/painel,success,,,5000000,,,,code-with-quarkus-pride,e2db285b2e89485183ec4c2aebdc4c09,7774a1b02ae44a20,anonymous,anonymous,INFO,,,SPN HTTP access GET /telemetria/painel status=200,"{""source.port"":""0""}"
1787257279643-0,2026-08-20T20:21:19.641757998Z,,api,access,GET /telemetria/painel,success,,,4000000,,,,code-with-quarkus-pride,ef858c8fccda44709da080904a270868,32671ff81ec74dfb,anonymous,anonymous,INFO,,,SPN HTTP access GET /telemetria/painel status=200,"{""source.port"":""0""}"
1787257278641-0,2026-08-20T20:21:18.640048701Z,,api,access,GET /telemetria/console,success,,,4000000,,,,code-with-quarkus-pride,77fb865b09c8490fa4b15e263c093432,49d73f66acb84817,anonymous,anonymous,INFO,,,SPN HTTP access GET /telemetria/console status=200,"{""source.port"":""0""}"
1787257276647-0,2026-08-20T20:21:16.646513727Z,,api,access,GET /telemetria/eventos,success,,,5000000,,,,code-with-quarkus-pride,f7a387ac7f92442aa44b23bda7d69021,241b33f5e2bf4716,anonymous,anonymous,INFO,,,SPN HTTP access GET /telemetria/eventos status=200,"{""source.port"":""0""}"
1787257275619-0,2026-08-20T20:21:15.619054893Z,,api,access,GET /telemetria/painel,success,,,5000000,,,,code-with-quarkus-pride,f6ff98ef7dd7484384f30173883d99f4,6e4f785e1e624900,anonymous,anonymous,INFO,,,SPN HTTP access GET /telemetria/painel status=200,"{""source.port"":""0""}"
1787257272697-0,2026-08-20T20:21:12.695325440Z,,api,access,GET /telemetria/painel,success,,,12000000,,,,code-with-quarkus-pride,6aba56a6010d49e1b7cd76dc849b944f,d2e3f51fbf61484b,anonymous,anonymous,INFO,,,SPN HTTP access GET /telemetria/painel status=200,"{""source.port"":""0""}"
1787257272683-0,2026-08-20T20:21:12.675820427Z,,api,access,GET /telemetria/eventos,success,,,9000000,,,,code-with-quarkus-pride,f360f0f5141a4661926f79f4eb0f2f37,ce6001cb95684bce,anonymous,anonymous,INFO,,,SPN HTTP access GET /telemetria/eventos status=200,"{""source.port"":""0""}"
1787257269659-0,2026-08-20T20:21:09.656404550Z,,api,access,GET /telemetria/painel,success,,,7000000,,,,code-with-quarkus-pride,5f9b3c0c3c79443da705ed4d9c71628a,f06e40c53de04784,anonymous,anonymous,INFO,,,SPN HTTP access GET /telemetria/painel status=200,"{""source.port"":""0""}"
1787257268640-0,2026-08-20T20:21:08.637826128Z,,api,access,GET /telemetria/console,success,,,1000000,,,,code-with-quarkus-pride,bd67ef2b3db8435dab3ed71f01ed43b5,adda50604b2d4603,anonymous,anonymous,INFO,,,SPN HTTP access GET /telemetria/console status=200,"{""source.port"":""0""}"
1787257266674-0,2026-08-20T20:21:06.673715597Z,,api,access,GET /telemetria/eventos,success,,,11000000,,,,code-with-quarkus-pride,bea64e30aca640adb2518a7f48b752cd,33ece02f603c4964,anonymous,anonymous,INFO,,,SPN HTTP access GET /telemetria/eventos status=200,"{""source.port"":""0""}"
1787257265672-0,2026-08-20T20:21:05.670495561Z,,api,access,GET /telemetria/painel,success,,,8000000,,,,code-with-quarkus-pride,9cd9a3cb01284d499f9f291ee6539ba9,0bad1185cca64114,anonymous,anonymous,INFO,,,SPN HTTP access GET /telemetria/painel status=200,"{""source.port"":""0""}"
1787257262764-0,2026-08-20T20:21:02.755418002Z,,api,access,GET /telemetria/eventos,success,,,20000000,,,,code-with-quarkus-pride,e27d98a8d19a477297935f4a42d7cf89,8e2ac3b64ec547af,anonymous,anonymous,INFO,,,SPN HTTP access GET /telemetria/eventos status=200,"{""source.port"":""0""}"
1787257262671-0,2026-08-20T20:21:02.669522315Z,,api,access,GET /telemetria/painel,success,,,13000000,,,,code-with-quarkus-pride,262531558fe0410a8d3cf4e1936c5ad6,0b45afe9c3d3429a,anonymous,anonymous,INFO,,,SPN HTTP access GET /telemetria/painel status=200,"{""source.port"":""0""}"
1787257259627-0,2026-08-20T20:20:59.626232896Z,,api,access,GET /telemetria/painel,success,,,6000000,,,,code-with-quarkus-pride,cf98fa6c4a7c4937b3ef2ff0695de039,64c373ef602942a2,anonymous,anonymous,INFO,,,SPN HTTP access GET /telemetria/painel status=200,"{""source.port"":""0""}"
1787257258886-0,2026-08-20T20:20:58.885881982Z,,api,access,GET /telemetria/console,success,,,0,,,,code-with-quarkus-pride,0fcbf82d78ed47f5a0774577de87b634,454b8c5f467b4abc,anonymous,anonymous,INFO,,,SPN HTTP access GET /telemetria/console status=200,"{""source.port"":""0""}"
1787257256665-0,2026-08-20T20:20:56.662719125Z,,api,access,GET /telemetria/eventos,success,,,7000000,,,,code-with-quarkus-pride,25d7d1f174a14be581674ab4ef928fb5,7b486518601340ab,anonymous,anonymous,INFO,,,SPN HTTP access GET /telemetria/eventos status=200,"{""source.port"":""0""}"
1787257255646-0,2026-08-20T20:20:55.645266071Z,,api,access,GET /telemetria/painel,success,,,7000000,,,,code-with-quarkus-pride,d753f9423172453293b8ba356f00e971,2c7f879d7e5644cf,anonymous,anonymous,INFO,,,SPN HTTP access GET /telemetria/painel status=200,"{""source.port"":""0""}"
1787257252702-0,2026-08-20T20:20:52.700812051Z,,api,access,GET /telemetria/painel,success,,,5000000,,,,code-with-quarkus-pride,c1a4924c85ec473f88845ec02d85f0c5,43b2dfcb074f46c4,anonymous,anonymous,INFO,,,SPN HTTP access GET /telemetria/painel status=200,"{""source.port"":""0""}"
1787257252646-0,2026-08-20T20:20:52.645102202Z,,api,access,GET /telemetria/eventos,success,,,6000000,,,,code-with-quarkus-pride,b3adc5922245483c8692ee3c39764aeb,01167934c92a472e,anonymous,anonymous,INFO,,,SPN HTTP access GET /telemetria/eventos status=200,"{""source.port"":""0""}"
1787257249751-0,2026-08-20T20:20:49.749833450Z,,api,access,GET /telemetria/painel,success,,,5000000,,,,code-with-quarkus-pride,928051026b6e437e9f3420c0d2ea86e6,40e30c560aac4d36,anonymous,anonymous,INFO,,,SPN HTTP access GET /telemetria/painel status=200,"{""source.port"":""0""}"
1787257248647-0,2026-08-20T20:20:48.646084552Z,,api,access,GET /telemetria/console,success,,,4000000,,,,code-with-quarkus-pride,3757e05086b843e2845d5aa08279f49d,2ea118c42fda428d,anonymous,anonymous,INFO,,,SPN HTTP access GET /telemetria/console status=200,"{""source.port"":""0""}"
1787257246653-0,2026-08-20T20:20:46.651290523Z,,api,access,GET /telemetria/eventos,success,,,10000000,,,,code-with-quarkus-pride,d7cc09c5f1264d76a8d6b26ed8640dc1,0c909c95a9354971,anonymous,anonymous,INFO,,,SPN HTTP access GET /telemetria/eventos status=200,"{""source.port"":""0""}"
1787257245650-0,2026-08-20T20:20:45.645622320Z,,api,access,GET /telemetria/painel,success,,,9000000,,,,code-with-quarkus-pride,fa0ebb6f75a04b23bbc61f30f7c35f5b,3875006839714424,anonymous,anonymous,INFO,,,SPN HTTP access GET /telemetria/painel status=200,"{""source.port"":""0""}"
1787257242690-0,2026-08-20T20:20:42.689341277Z,,api,access,GET /telemetria/eventos,success,,,16000000,,,,code-with-quarkus-pride,219ec5f50c9e4bebb975f8b08119a8e6,582b574d9b584aab,anonymous,anonymous,INFO,,,SPN HTTP access GET /telemetria/eventos status=200,"{""source.port"":""0""}"
1787257242650-0,2026-08-20T20:20:42.648349408Z,,api,access,GET /telemetria/painel,success,,,9000000,,,,code-with-quarkus-pride,72255421c84541b38c4c93420de528de,d22794870702432f,anonymous,anonymous,INFO,,,SPN HTTP access GET /telemetria/painel status=200,"{""source.port"":""0""}"
1787257239675-0,2026-08-20T20:20:39.673003281Z,,api,access,GET /telemetria/painel,success,,,10000000,,,,code-with-quarkus-pride,bed71711003d43d396e8d19343388637,2d823b34dc4b4ba3,anonymous,anonymous,INFO,,,SPN HTTP access GET /telemetria/painel status=200,"{""source.port"":""0""}"
1787257238678-0,2026-08-20T20:20:38.676907031Z,,api,access,GET /telemetria/console,success,,,0,,,,code-with-quarkus-pride,7d2ccbd6513b44bdbbbd5dd8719c25c1,7e56aacfc7bb47cb,anonymous,anonymous,INFO,,,SPN HTTP access GET /telemetria/console status=200,"{""source.port"":""0""}"
1787257237672-0,2026-08-20T20:20:37.671583380Z,,api,access,GET /telemetria/painel,success,,,6000000,,,,code-with-quarkus-pride,1a0dc4322500441ebec4a56d50816dd7,1c5ca7c167904d90,anonymous,anonymous,INFO,,,SPN HTTP access GET /telemetria/painel status=200,"{""source.port"":""0""}"
1787257236626-0,2026-08-20T20:20:36.625398064Z,,api,access,GET /telemetria/eventos,success,,,10000000,,,,code-with-quarkus-pride,e13a2e7539c24131a80a8914f34bb18b,22fed44793a44be4,anonymous,anonymous,INFO,,,SPN HTTP access GET /telemetria/eventos status=200,"{""source.port"":""0""}"
1787257234650-0,2026-08-20T20:20:34.649618948Z,,api,access,GET /telemetria/painel,success,,,7000000,,,,code-with-quarkus-pride,9a5a3b01b5f44cf48a9a1c427a1d9f35,26bf4b20e8074992,anonymous,anonymous,INFO,,,SPN HTTP access GET /telemetria/painel status=200,"{""source.port"":""0""}"
1787257232662-0,2026-08-20T20:20:32.660712352Z,,api,access,GET /telemetria/eventos,success,,,9000000,,,,code-with-quarkus-pride,19232463f0634a37b9897598a6bfbb99,25f1ae68343e4aa9,anonymous,anonymous,INFO,,,SPN HTTP access GET /telemetria/eventos status=200,"{""source.port"":""0""}"
1787257231656-0,2026-08-20T20:20:31.655628100Z,,api,access,GET /telemetria/painel,success,,,6000000,,,,code-with-quarkus-pride,b00bcf91da914f53824d2e8a81f1739c,c7f065b6bb6f4f59,anonymous,anonymous,INFO,,,SPN HTTP access GET /telemetria/painel status=200,"{""source.port"":""0""}"
1787257228620-0,2026-08-20T20:20:28.619712303Z,,api,access,GET /telemetria/console,success,,,0,,,,code-with-quarkus-pride,b62d9022414f48dc8be9ea59047af6ac,fdd44c16374b4cea,anonymous,anonymous,INFO,,,SPN HTTP access GET /telemetria/console status=200,"{""source.port"":""0""}"
1787257226657-0,2026-08-20T20:20:26.655944736Z,,api,access,GET /telemetria/painel,success,,,5000000,,,,code-with-quarkus-pride,43ca26a12fce4417954c9109d89a2a52,97d240546b4a4272,anonymous,anonymous,INFO,,,SPN HTTP access GET /telemetria/painel status=200,"{""source.port"":""0""}"
1787257226643-0,2026-08-20T20:20:26.642398392Z,,api,access,GET /telemetria/eventos,success,,,10000000,,,,code-with-quarkus-pride,b99b85081c714872b478011b72d0dabc,14710b1624254126,anonymous,anonymous,INFO,,,SPN HTTP access GET /telemetria/eventos status=200,"{""source.port"":""0""}"
1787257223644-0,2026-08-20T20:20:23.643179534Z,,api,access,GET /telemetria/painel,success,,,5000000,,,,code-with-quarkus-pride,9a3b5397a5134619a2fa0b73ad1936a6,bc0f27cb84604b72,anonymous,anonymous,INFO,,,SPN HTTP access GET /telemetria/painel status=200,"{""source.port"":""0""}"
1787257222685-0,2026-08-20T20:20:22.683808996Z,,api,access,GET /telemetria/eventos,success,,,6000000,,,,code-with-quarkus-pride,24023110a6394904b652d9cc6b803bb2,0aaa598d01d34329,anonymous,anonymous,INFO,,,SPN HTTP access GET /telemetria/eventos status=200,"{""source.port"":""0""}"
1787257221658-0,2026-08-20T20:20:21.657636010Z,,api,access,GET /telemetria/painel,success,,,5000000,,,,code-with-quarkus-pride,647e4ccbbb044132b54e4ea6f71fc4bd,e91bb09261804fba,anonymous,anonymous,INFO,,,SPN HTTP access GET /telemetria/painel status=200,"{""source.port"":""0""}"
1787257218677-0,2026-08-20T20:20:18.675890790Z,,api,access,GET /telemetria/console,success,,,1000000,,,,code-with-quarkus-pride,3c7db5233b8f4b11b9a9340453eaaa18,0848955f838a40a1,anonymous,anonymous,INFO,,,SPN HTTP access GET /telemetria/console status=200,"{""source.port"":""0""}"
1787257216741-0,2026-08-20T20:20:16.740115862Z,,api,access,GET /telemetria/eventos,success,,,12000000,,,,code-with-quarkus-pride,ab651979992b429c9866684e72feee0d,e4f8f73cddd149c2,anonymous,anonymous,INFO,,,SPN HTTP access GET /telemetria/eventos status=200,"{""source.port"":""0""}"
1787257216682-0,2026-08-20T20:20:16.680756544Z,,api,access,GET /telemetria/painel,success,,,5000000,,,,code-with-quarkus-pride,994584ebf9504bc79943fc68c557bc4c,f5ac37905cf842f5,anonymous,anonymous,INFO,,,SPN HTTP access GET /telemetria/painel status=200,"{""source.port"":""0""}"
1787257213680-0,2026-08-20T20:20:13.679699160Z,,api,access,GET /telemetria/painel,success,,,5000000,,,,code-with-quarkus-pride,52eb784004ac465dada1c49a95f0c78f,403964bc1fb64232,anonymous,anonymous,INFO,,,SPN HTTP access GET /telemetria/painel status=200,"{""source.port"":""0""}"
1787257212660-0,2026-08-20T20:20:12.658770519Z,,api,access,GET /telemetria/eventos,success,,,9000000,,,,code-with-quarkus-pride,cea8426c1d034c04bf1d62b59baea28f,9846455e68bc46b1,anonymous,anonymous,INFO,,,SPN HTTP access GET /telemetria/eventos status=200,"{""source.port"":""0""}"
1787257210656-0,2026-08-20T20:20:10.654964977Z,,api,access,GET /telemetria/painel,success,,,5000000,,,,code-with-quarkus-pride,b94e88745a9f47ea8019578b7051f2fd,8478d54e934a41c3,anonymous,anonymous,INFO,,,SPN HTTP access GET /telemetria/painel status=200,"{""source.port"":""0""}"
1787257208629-0,2026-08-20T20:20:08.627601571Z,,api,access,GET /telemetria/console,success,,,0,,,,code-with-quarkus-pride,99735ee4dd744ec088fdbb95fe87d425,8320912be70641d1,anonymous,anonymous,INFO,,,SPN HTTP access GET /telemetria/console status=200,"{""source.port"":""0""}"
1787257207689-0,2026-08-20T20:20:07.687890306Z,,api,access,GET /telemetria/painel,success,,,6000000,,,,code-with-quarkus-pride,418c3bdff6e24c038ae2273f3dfe0e36,04463fe0757a4a0d,anonymous,anonymous,INFO,,,SPN HTTP access GET /telemetria/painel status=200,"{""source.port"":""0""}"
1787257206711-0,2026-08-20T20:20:06.708461862Z,,api,access,GET /telemetria/eventos,success,,,30000000,,,,code-with-quarkus-pride,73ffa0d26bc4471481999ddaf47a5700,8b02f70d6a6243f6,anonymous,anonymous,INFO,,,SPN HTTP access GET /telemetria/eventos status=200,"{""source.port"":""0""}"
1787257205939-0,2026-08-20T20:20:05.935771113Z,,api,access,GET /telemetria/painel,success,,,12000000,,,,code-with-quarkus-pride,9165c179cc48402bbb766087e3ce11f8,1462b888d41c4609,anonymous,anonymous,INFO,,,SPN HTTP access GET /telemetria/painel status=200,"{""source.port"":""0""}"
1787257111501-0,2026-08-20T20:18:31.499617868Z,,api,access,GET /telemetria/console,success,,,0,,,,code-with-quarkus-pride,eb63febd22aa4e6ca8ccc08f10d73124,2b444120c92e46fc,anonymous,anonymous,INFO,,,SPN HTTP access GET /telemetria/console status=200,"{""source.port"":""0""}"
1787257110658-0,2026-08-20T20:18:30.656042873Z,,api,access,GET /telemetria/console,success,,,1000000,,,,code-with-quarkus-pride,2f90126c308849e392dd3a381cecc640,812ce77398cf44f1,anonymous,anonymous,INFO,,,SPN HTTP access GET /telemetria/console status=200,"{""source.port"":""0""}"
1787257109638-0,2026-08-20T20:18:29.637005467Z,,api,access,GET /telemetria/console,success,,,0,,,,code-with-quarkus-pride,82b323e1c2a84dae99f1c56d2a548d28,476b8acf68544dbf,anonymous,anonymous,INFO,,,SPN HTTP access GET /telemetria/console status=200,"{""source.port"":""0""}"
1787257108157-0,2026-08-20T20:18:28.155228558Z,,api,access,GET /telemetria/console,success,,,0,,,,code-with-quarkus-pride,b220095c0b4b43b2a728ea979cfb397d,d2312c848fad4a46,anonymous,anonymous,INFO,,,SPN HTTP access GET /telemetria/console status=200,"{""source.port"":""0""}"
1787257100465-0,2026-08-20T20:18:20.464054557Z,,api,access,GET /modo,success,,,1000000,,,,code-with-quarkus-pride,ebd8c03c35454733af5f2f897b5c141f,e1222bbe9f2c4f99,anonymous,anonymous,INFO,,,SPN HTTP access GET /modo status=200,"{""source.port"":""0""}"
1787257100071-0,2026-08-20T20:18:20.070137745Z,,api,access,GET /manifest.webmanifest,success,,,0,,,,code-with-quarkus-pride,0e6292d2384e4598979b48044416523e,7f2a62d1b7d94b8f,anonymous,anonymous,INFO,,,SPN HTTP access GET /manifest.webmanifest status=200,"{""source.port"":""0""}"
1787257100008-0,2026-08-20T20:18:20.004600022Z,,api,access,GET /telemetria,success,,,329000000,,,,code-with-quarkus-pride,24fde55f2a4843bb81d2986b8b025614,beec62d93ba84d3d,anonymous,anonymous,INFO,,,SPN HTTP access GET /telemetria status=200,"{""source.port"":""0""}"
1787257086735-0,2026-08-20T20:18:06.734605883Z,,api,access,POST /telemetria/dataset,success,,,2725000000,,,,code-with-quarkus-pride,0bf81c7fb4e7468181c5554fe5d6efa5,958cdb6800244d9a,anonymous,anonymous,INFO,,,SPN HTTP access POST /telemetria/dataset status=200,"{""source.port"":""0""}"
1787257086734-0,2026-08-20T20:18:06.734242191Z,event,process,,web.dataset.publicado,success,web,pride.web,,,,,,,,,,,,,,"{""labels.eventos"":""1000""}"
1787257079723-0,2026-08-20T20:17:59.721770691Z,,api,access,GET /modo,success,,,0,,,,code-with-quarkus-pride,42ad6fc228564347a357131a01642fd5,e1d311ca31774f70,anonymous,anonymous,INFO,,,SPN HTTP access GET /modo status=200,"{""source.port"":""0""}"
1787257079259-0,2026-08-20T20:17:59.257710231Z,,api,access,GET /manifest.webmanifest,success,,,0,,,,code-with-quarkus-pride,d4677e08deec4bdd85ac07ded46b95c3,677c8ad18b544d01,anonymous,anonymous,INFO,,,SPN HTTP access GET /manifest.webmanifest status=200,"{""source.port"":""0""}"
1787257079202-0,2026-08-20T20:17:59.199228641Z,,api,access,GET /telemetria/eventos,success,,,13000000,,,,code-with-quarkus-pride,e8834423bdbf4a7aa26e0c9fb0e3a759,9ca7168c435d49f2,anonymous,anonymous,INFO,,,SPN HTTP access GET /telemetria/eventos status=200,"{""source.port"":""0""}"
1787257079128-0,2026-08-20T20:17:59.126969134Z,,api,access,GET /telemetria,success,,,304000000,,,,code-with-quarkus-pride,eeaf7d49d654499bbf5c42dd44337d7f,dfbc26e7f686455e,anonymous,anonymous,INFO,,,SPN HTTP access GET /telemetria status=200,"{""source.port"":""0""}"
1787257072400-0,2026-08-20T20:17:52.397118099Z,,api,access,GET /,success,,,72000000,,,,code-with-quarkus-pride,43ae489a9b064de1a21a1214b8739a38,51f3d80468f14f10,anonymous,anonymous,INFO,,,SPN HTTP access GET / status=200,"{""source.port"":""0""}"
1787256832658-0,2026-08-20T20:13:52.656360460Z,,api,access,GET /telemetria/eventos,success,,,10000000,,,,code-with-quarkus-pride,95dd439473844e30b1c8403ce180026b,edd02d848ed647d9,anonymous,anonymous,INFO,,,SPN HTTP access GET /telemetria/eventos status=200,"{""source.port"":""0""}"
1787256831637-0,2026-08-20T20:13:51.634995636Z,,api,access,GET /telemetria/painel,success,,,6000000,,,,code-with-quarkus-pride,1df5a431fd5c4511a670cd0d14a17029,a0d67798adae4006,anonymous,anonymous,INFO,,,SPN HTTP access GET /telemetria/painel status=200,"{""source.port"":""0""}"
1787256828648-1,2026-08-20T20:13:48.645954007Z,,api,access,GET /telemetria/painel,success,,,5000000,,,,code-with-quarkus-pride,8e03b677a9704273aebd39ce186923e6,20935c9e7f1b4956,anonymous,anonymous,INFO,,,SPN HTTP access GET /telemetria/painel status=200,"{""source.port"":""0""}"
1787256828648-0,2026-08-20T20:13:48.644427221Z,,api,access,GET /telemetria/eventos,success,,,7000000,,,,code-with-quarkus-pride,112a43ca3b3846e18c2b8567bfede1e9,87991660f53c4de3,anonymous,anonymous,INFO,,,SPN HTTP access GET /telemetria/eventos status=200,"{""source.port"":""0""}"
1787256825646-0,2026-08-20T20:13:45.641714763Z,,api,access,GET /telemetria/painel,success,,,16000000,,,,code-with-quarkus-pride,a2cf1458b53142359d52b7db87d67ad3,44d21dcd89f54374,anonymous,anonymous,INFO,,,SPN HTTP access GET /telemetria/painel status=200,"{""source.port"":""0""}"
1787256824653-0,2026-08-20T20:13:44.651669777Z,,api,access,GET /telemetria/console,success,,,0,,,,code-with-quarkus-pride,75a563299b754543804fb7c457daefa8,9c564e619b9745fe,anonymous,anonymous,INFO,,,SPN HTTP access GET /telemetria/console status=200,"{""source.port"":""0""}"
1787256822643-0,2026-08-20T20:13:42.641962276Z,,api,access,GET /telemetria/eventos,success,,,6000000,,,,code-with-quarkus-pride,931b17eb245144d6bf92d541fffe3c69,e9966f1b5d8f4143,anonymous,anonymous,INFO,,,SPN HTTP access GET /telemetria/eventos status=200,"{""source.port"":""0""}"
1787256821686-0,2026-08-20T20:13:41.684553478Z,,api,access,GET /telemetria/painel,success,,,7000000,,,,code-with-quarkus-pride,e5b470899fe24393b47b47fddc5ea3cf,7ff46db5d565468a,anonymous,anonymous,INFO,,,SPN HTTP access GET /telemetria/painel status=200,"{""source.port"":""0""}"
1787256818662-0,2026-08-20T20:13:38.661202430Z,,api,access,GET /telemetria/eventos,success,,,9000000,,,,code-with-quarkus-pride,62d701eb366f46f397683e1fe8397cb9,4d4ff5b730d74c6c,anonymous,anonymous,INFO,,,SPN HTTP access GET /telemetria/eventos status=200,"{""source.port"":""0""}"
1787256818635-0,2026-08-20T20:13:38.633633723Z,,api,access,GET /telemetria/painel,success,,,6000000,,,,code-with-quarkus-pride,f3fcfde2dcf1483fb4738580dc04655b,2ed1ae02ea734d82,anonymous,anonymous,INFO,,,SPN HTTP access GET /telemetria/painel status=200,"{""source.port"":""0""}"
1787256815616-0,2026-08-20T20:13:35.614517727Z,,api,access,GET /telemetria/painel,success,,,5000000,,,,code-with-quarkus-pride,032f0e569f6e4bb1aa434ad526103e02,e72e125b2ba347dd,anonymous,anonymous,INFO,,,SPN HTTP access GET /telemetria/painel status=200,"{""source.port"":""0""}"
1787256814644-0,2026-08-20T20:13:34.643186535Z,,api,access,GET /telemetria/console,success,,,0,,,,code-with-quarkus-pride,e384b07b3e7e4b0e807a0d0c2040309a,c55c3fcc449d48c2,anonymous,anonymous,INFO,,,SPN HTTP access GET /telemetria/console status=200,"{""source.port"":""0""}"
1787256812891-0,2026-08-20T20:13:32.889369892Z,,api,access,GET /telemetria/eventos,success,,,10000000,,,,code-with-quarkus-pride,c91855ab0edf493fbc8e8b605b732f60,17ae03e7ebe44b72,anonymous,anonymous,INFO,,,SPN HTTP access GET /telemetria/eventos status=200,"{""source.port"":""0""}"
1787256811634-0,2026-08-20T20:13:31.632632597Z,,api,access,GET /telemetria/painel,success,,,6000000,,,,code-with-quarkus-pride,043af0d3e63c44c0b3156b1a0e42f754,c6ebb04fb9894287,anonymous,anonymous,INFO,,,SPN HTTP access GET /telemetria/painel status=200,"{""source.port"":""0""}"
1787256808678-0,2026-08-20T20:13:28.675520628Z,,api,access,GET /telemetria/eventos,success,,,15000000,,,,code-with-quarkus-pride,b5ace49def0a4317b7ecf003fd734045,9f23f1790a22487c,anonymous,anonymous,INFO,,,SPN HTTP access GET /telemetria/eventos status=200,"{""source.port"":""0""}"
1787256808631-0,2026-08-20T20:13:28.629671153Z,,api,access,GET /telemetria/painel,success,,,6000000,,,,code-with-quarkus-pride,2d47c581a0b84e149656ceffac365f92,a3541482cffa40b2,anonymous,anonymous,INFO,,,SPN HTTP access GET /telemetria/painel status=200,"{""source.port"":""0""}"
1787256805633-0,2026-08-20T20:13:25.631956336Z,,api,access,GET /telemetria/painel,success,,,5000000,,,,code-with-quarkus-pride,f61bc1894037431fba03c2638cfdcabd,0f1bcf3f7d1d45d6,anonymous,anonymous,INFO,,,SPN HTTP access GET /telemetria/painel status=200,"{""source.port"":""0""}"
1787256804633-0,2026-08-20T20:13:24.631646528Z,,api,access,GET /telemetria/console,success,,,1000000,,,,code-with-quarkus-pride,8fc07da3d07c49758b0f7456124930ef,6cafa98a662246fa,anonymous,anonymous,INFO,,,SPN HTTP access GET /telemetria/console status=200,"{""source.port"":""0""}"
1787256802643-0,2026-08-20T20:13:22.641818831Z,,api,access,GET /telemetria/eventos,success,,,6000000,,,,code-with-quarkus-pride,82121fbf77134882a4a921133e0d1285,f72b0aa8bd9f4bdb,anonymous,anonymous,INFO,,,SPN HTTP access GET /telemetria/eventos status=200,"{""source.port"":""0""}"
1787256801648-0,2026-08-20T20:13:21.646972525Z,,api,access,GET /telemetria/painel,success,,,13000000,,,,code-with-quarkus-pride,13548b5dac5247e68420bdd6b781d829,528332a03b644567,anonymous,anonymous,INFO,,,SPN HTTP access GET /telemetria/painel status=200,"{""source.port"":""0""}"
1787256798654-0,2026-08-20T20:13:18.651793709Z,,api,access,GET /telemetria/eventos,success,,,14000000,,,,code-with-quarkus-pride,fdc911ccc7274ce186d18011833431bb,261e63d130fe4ee3,anonymous,anonymous,INFO,,,SPN HTTP access GET /telemetria/eventos status=200,"{""source.port"":""0""}"
1787256798643-0,2026-08-20T20:13:18.640915651Z,,api,access,GET /telemetria/painel,success,,,8000000,,,,code-with-quarkus-pride,e9612dc3db144d7d8cfc60acb9c1b426,0ce220a7b5ed499d,anonymous,anonymous,INFO,,,SPN HTTP access GET /telemetria/painel status=200,"{""source.port"":""0""}"
1787256795615-0,2026-08-20T20:13:15.613932229Z,,api,access,GET /telemetria/painel,success,,,5000000,,,,code-with-quarkus-pride,2a11a7f3320644adb8b253f56d0f26ee,b3967ed50024430a,anonymous,anonymous,INFO,,,SPN HTTP access GET /telemetria/painel status=200,"{""source.port"":""0""}"
1787256794643-0,2026-08-20T20:13:14.641689632Z,,api,access,GET /telemetria/console,success,,,0,,,,code-with-quarkus-pride,16c5510003d04100ad13466990908383,4754737e08d14d0c,anonymous,anonymous,INFO,,,SPN HTTP access GET /telemetria/console status=200,"{""source.port"":""0""}"
1787256792649-0,2026-08-20T20:13:12.647145230Z,,api,access,GET /telemetria/eventos,success,,,14000000,,,,code-with-quarkus-pride,17aa8f6853d44c3a8e21056a3ecb0efe,2eee18001ce442a9,anonymous,anonymous,INFO,,,SPN HTTP access GET /telemetria/eventos status=200,"{""source.port"":""0""}"
1787256791644-0,2026-08-20T20:13:11.641452302Z,,api,access,GET /telemetria/painel,success,,,8000000,,,,code-with-quarkus-pride,0de3ef783bfb422293ae226471453338,58c1b9acd70c47c6,anonymous,anonymous,INFO,,,SPN HTTP access GET /telemetria/painel status=200,"{""source.port"":""0""}"
1787256788666-0,2026-08-20T20:13:08.664971440Z,,api,access,GET /telemetria/painel,success,,,8000000,,,,code-with-quarkus-pride,949dc9b364f94c509a9b86c7801ffebf,ea16b52a1d484daf,anonymous,anonymous,INFO,,,SPN HTTP access GET /telemetria/painel status=200,"{""source.port"":""0""}"
1787256788658-0,2026-08-20T20:13:08.653500728Z,,api,access,GET /telemetria/eventos,success,,,15000000,,,,code-with-quarkus-pride,335050e2267646f197a9fd753a9077a6,2df036a79dfb4224,anonymous,anonymous,INFO,,,SPN HTTP access GET /telemetria/eventos status=200,"{""source.port"":""0""}"
1787256786643-0,2026-08-20T20:13:06.641500017Z,,api,access,GET /telemetria/painel,success,,,5000000,,,,code-with-quarkus-pride,2c619d7dadc14c92921e18f16c15acff,a51a1e1ee886427f,anonymous,anonymous,INFO,,,SPN HTTP access GET /telemetria/painel status=200,"{""source.port"":""0""}"
1787256784635-0,2026-08-20T20:13:04.634044380Z,,api,access,GET /telemetria/console,success,,,1000000,,,,code-with-quarkus-pride,b983b5a7057249a48c896f05b6d95237,2039390971484cc6,anonymous,anonymous,INFO,,,SPN HTTP access GET /telemetria/console status=200,"{""source.port"":""0""}"
1787256783670-0,2026-08-20T20:13:03.666363503Z,,api,access,GET /telemetria/painel,success,,,7000000,,,,code-with-quarkus-pride,bfd2b2e61bea4f3498977826fc74464b,57e6358fd0cb4b24,anonymous,anonymous,INFO,,,SPN HTTP access GET /telemetria/painel status=200,"{""source.port"":""0""}"
1787256782664-0,2026-08-20T20:13:02.659241776Z,,api,access,GET /telemetria/eventos,success,,,15000000,,,,code-with-quarkus-pride,315241f3939e4ec9a06991c0ce8462e3,e6b64086e12a4efe,anonymous,anonymous,INFO,,,SPN HTTP access GET /telemetria/eventos status=200,"{""source.port"":""0""}"
1787256780696-0,2026-08-20T20:13:00.693372111Z,,api,access,GET /telemetria/painel,success,,,6000000,,,,code-with-quarkus-pride,3858d61b9918487ebef9effe66cc7b65,d2e7efafc1444f99,anonymous,anonymous,INFO,,,SPN HTTP access GET /telemetria/painel status=200,"{""source.port"":""0""}"
1787256778622-0,2026-08-20T20:12:58.621082651Z,,api,access,GET /telemetria/eventos,success,,,8000000,,,,code-with-quarkus-pride,e8c2c81dd4654a2e89cf03272e2799dd,b36c4d8bc12e4d76,anonymous,anonymous,INFO,,,SPN HTTP access GET /telemetria/eventos status=200,"{""source.port"":""0""}"
1787256777646-0,2026-08-20T20:12:57.644222165Z,,api,access,GET /telemetria/painel,success,,,5000000,,,,code-with-quarkus-pride,2b3e4c6478ed4729ab7ce788f27c9e2d,30a3d16baec24eb4,anonymous,anonymous,INFO,,,SPN HTTP access GET /telemetria/painel status=200,"{""source.port"":""0""}"
1787256774620-0,2026-08-20T20:12:54.618652315Z,,api,access,GET /telemetria/console,success,,,0,,,,code-with-quarkus-pride,4217c36750e64d628b126c376a7a3dde,c7e32e9635da4f5b,anonymous,anonymous,INFO,,,SPN HTTP access GET /telemetria/console status=200,"{""source.port"":""0""}"
1787256772633-0,2026-08-20T20:12:52.632198050Z,,api,access,GET /telemetria/painel,success,,,7000000,,,,code-with-quarkus-pride,537d695ce9264fc8919fa37bcba02253,e52557cbc7e046cc,anonymous,anonymous,INFO,,,SPN HTTP access GET /telemetria/painel status=200,"{""source.port"":""0""}"
1787256772628-0,2026-08-20T20:12:52.626968719Z,,api,access,GET /telemetria/eventos,success,,,6000000,,,,code-with-quarkus-pride,9e6fa28a21a24c449faa6beb6f3488a6,7c7e4226db524230,anonymous,anonymous,INFO,,,SPN HTTP access GET /telemetria/eventos status=200,"{""source.port"":""0""}"
1787256769670-0,2026-08-20T20:12:49.669376317Z,,api,access,GET /telemetria/painel,success,,,9000000,,,,code-with-quarkus-pride,dab99508375d48d5a72bedcf0f3ad1a4,bfda8ffca18445dc,anonymous,anonymous,INFO,,,SPN HTTP access GET /telemetria/painel status=200,"{""source.port"":""0""}"
1787256768646-0,2026-08-20T20:12:48.644213952Z,,api,access,GET /telemetria/eventos,success,,,8000000,,,,code-with-quarkus-pride,428590c4508341a88b5fb05f88247861,9cba304beb9c4612,anonymous,anonymous,INFO,,,SPN HTTP access GET /telemetria/eventos status=200,"{""source.port"":""0""}"
1787256767653-0,2026-08-20T20:12:47.651740784Z,,api,access,GET /telemetria/painel,success,,,10000000,,,,code-with-quarkus-pride,f6e9d943d0e840e5b48f6e79d385b3aa,da6da4073b034f4e,anonymous,anonymous,INFO,,,SPN HTTP access GET /telemetria/painel status=200,"{""source.port"":""0""}"
1787256764634-0,2026-08-20T20:12:44.632397254Z,,api,access,GET /telemetria/console,success,,,0,,,,code-with-quarkus-pride,1922f0e9d05c4e5a9c0d4ad9e079b9d9,6bcf073e07b1441d,anonymous,anonymous,INFO,,,SPN HTTP access GET /telemetria/console status=200,"{""source.port"":""0""}"
1787256762659-0,2026-08-20T20:12:42.658316438Z,,api,access,GET /telemetria/eventos,success,,,9000000,,,,code-with-quarkus-pride,0220a89eee284a338c2f817830951839,eb9743527b924090,anonymous,anonymous,INFO,,,SPN HTTP access GET /telemetria/eventos status=200,"{""source.port"":""0""}"
1787256762652-0,2026-08-20T20:12:42.649084402Z,,api,access,GET /telemetria/painel,success,,,6000000,,,,code-with-quarkus-pride,c75f42daa308424eb079a1c91efae024,da8d4b9447c74091,anonymous,anonymous,INFO,,,SPN HTTP access GET /telemetria/painel status=200,"{""source.port"":""0""}"
1787256759653-0,2026-08-20T20:12:39.651128472Z,,api,access,GET /telemetria/painel,success,,,6000000,,,,code-with-quarkus-pride,a76fd9b59b3440e9bc5ebc76b7a82661,7f58612c18b54996,anonymous,anonymous,INFO,,,SPN HTTP access GET /telemetria/painel status=200,"{""source.port"":""0""}"
1787256758646-0,2026-08-20T20:12:38.644025908Z,,api,access,GET /telemetria/eventos,success,,,12000000,,,,code-with-quarkus-pride,ba7b6e27213d42d89ef095c4f88d379a,d5ab8b7f8ee7423f,anonymous,anonymous,INFO,,,SPN HTTP access GET /telemetria/eventos status=200,"{""source.port"":""0""}"
1787256757647-0,2026-08-20T20:12:37.643662455Z,,api,access,GET /telemetria/painel,success,,,9000000,,,,code-with-quarkus-pride,bcc820a4908545929eb1bca04c8e2df4,64ccc91fca064c86,anonymous,anonymous,INFO,,,SPN HTTP access GET /telemetria/painel status=200,"{""source.port"":""0""}"
1787256754625-0,2026-08-20T20:12:34.624693197Z,,api,access,GET /telemetria/console,success,,,0,,,,code-with-quarkus-pride,fe33588171e7492fb9a99b9f2611b906,12d20afe5dd24ee2,anonymous,anonymous,INFO,,,SPN HTTP access GET /telemetria/console status=200,"{""source.port"":""0""}"
1787256752898-0,2026-08-20T20:12:32.889973220Z,,api,access,GET /telemetria/eventos,success,,,10000000,,,,code-with-quarkus-pride,b7030f57381f4e71ace8c4a0fb620bf5,ff9815b7ce77438f,anonymous,anonymous,INFO,,,SPN HTTP access GET /telemetria/eventos status=200,"{""source.port"":""0""}"
1787256752635-0,2026-08-20T20:12:32.633314881Z,,api,access,GET /telemetria/painel,success,,,15000000,,,,code-with-quarkus-pride,df33bbce792849599156b142ecfe3117,1ea0399650604068,anonymous,anonymous,INFO,,,SPN HTTP access GET /telemetria/painel status=200,"{""source.port"":""0""}"
1787256749652-0,2026-08-20T20:12:29.650437972Z,,api,access,GET /telemetria/painel,success,,,6000000,,,,code-with-quarkus-pride,55d9a6a59e4643eb9da321b157bdda8e,f3426360b1cb4feb,anonymous,anonymous,INFO,,,SPN HTTP access GET /telemetria/painel status=200,"{""source.port"":""0""}"
1787256748645-0,2026-08-20T20:12:28.642921562Z,,api,access,GET /telemetria/eventos,success,,,16000000,,,,code-with-quarkus-pride,06369a97babb4d1d91ee849979cafac7,a8cf492e9a6044b9,anonymous,anonymous,INFO,,,SPN HTTP access GET /telemetria/eventos status=200,"{""source.port"":""0""}"
1787256747738-0,2026-08-20T20:12:27.737038125Z,,api,access,GET /telemetria/painel,success,,,8000000,,,,code-with-quarkus-pride,3e66a1ed5e7543e48548bced24473072,4d8fd545aef44ae4,anonymous,anonymous,INFO,,,SPN HTTP access GET /telemetria/painel status=200,"{""source.port"":""0""}"
1787256653938-0,2026-08-20T20:10:53.933423749Z,,api,access,POST /telemetria/dataset,success,,,152000000,,,,code-with-quarkus-pride,14320d799abf4534ad9c98814a0b939f,0ce8c73b24fd4787,anonymous,anonymous,INFO,,,SPN HTTP access POST /telemetria/dataset status=200,"{""source.port"":""0""}"
1787256653933-0,2026-08-20T20:10:53.931763986Z,event,process,,web.dataset.falhou,failure,web,pride.web,,,,,,,,,,,,,,"{""labels.eventos"":""0""}"
1787256651557-0,2026-08-20T20:10:51.555929535Z,,api,access,GET /modo,success,,,0,,,,code-with-quarkus-pride,49afe10c45ad471d99f5a0123410588d,9cdffc6a28704663,anonymous,anonymous,INFO,,,SPN HTTP access GET /modo status=200,"{""source.port"":""0""}"
1787256651224-0,2026-08-20T20:10:51.222793391Z,,api,access,GET /manifest.webmanifest,success,,,0,,,,code-with-quarkus-pride,ab9e15e745f14e55bdfa53542e59237a,d401993427e04374,anonymous,anonymous,INFO,,,SPN HTTP access GET /manifest.webmanifest status=200,"{""source.port"":""0""}"
1787256651110-0,2026-08-20T20:10:51.109366716Z,,api,access,GET /telemetria,success,,,293000000,,,,code-with-quarkus-pride,1f57820469aa45a8a6a3a0f685e403b6,4630aea1c8794745,anonymous,anonymous,INFO,,,SPN HTTP access GET /telemetria status=200,"{""source.port"":""0""}"
1787256645727-0,2026-08-20T20:10:45.725291166Z,,api,access,GET /modo,success,,,0,,,,code-with-quarkus-pride,dcdedce4ff9b4ee6ab445229b0ca8ce4,1bd930ba1e1b49ff,anonymous,anonymous,INFO,,,SPN HTTP access GET /modo status=200,"{""source.port"":""0""}"
1787256645233-0,2026-08-20T20:10:45.232110098Z,,api,access,GET /manifest.webmanifest,success,,,0,,,,code-with-quarkus-pride,7e3d4c6abebd47a68938e4a20a93295f,c5bf73bf3d61471f,anonymous,anonymous,INFO,,,SPN HTTP access GET /manifest.webmanifest status=200,"{""source.port"":""0""}"
1787256645165-0,2026-08-20T20:10:45.164027366Z,,api,access,GET /telemetria/fatia/web,success,,,278000000,,,,code-with-quarkus-pride,61c22207cb1b42cd9bd1fcaf9d5a08d9,a31185f50a014d27,anonymous,anonymous,INFO,,,SPN HTTP access GET /telemetria/fatia/web status=200,"{""source.port"":""0""}"
1787256592847-0,2026-08-20T20:09:52.844948135Z,,api,access,GET /modo,success,,,0,,,,code-with-quarkus-pride,2fa7c2aebe16446da4dfc22b92adbbc4,facecd5ef6f141cf,anonymous,anonymous,INFO,,,SPN HTTP access GET /modo status=200,"{""source.port"":""0""}"
1787256592483-0,2026-08-20T20:09:52.482560537Z,,api,access,GET /manifest.webmanifest,success,,,0,,,,code-with-quarkus-pride,76a90a04b77e4d2f8cc7d7d1a435519b,6a3e36d40fc0400e,anonymous,anonymous,INFO,,,SPN HTTP access GET /manifest.webmanifest status=200,"{""source.port"":""0""}"
1787256592402-0,2026-08-20T20:09:52.400338399Z,,api,access,GET /telemetria/fatia/correlacao,success,,,281000000,,,,code-with-quarkus-pride,95665ba7dbd142af95e7d1220a202b8e,d1ef5510f2f9431b,anonymous,anonymous,INFO,,,SPN HTTP access GET /telemetria/fatia/correlacao status=200,"{""source.port"":""0""}"
1787256587283-0,2026-08-20T20:09:47.281558529Z,,api,access,GET /modo,success,,,0,,,,code-with-quarkus-pride,c743f427194341be97c9286d95916561,ffcb3e647bde45c9,anonymous,anonymous,INFO,,,SPN HTTP access GET /modo status=200,"{""source.port"":""0""}"
1787256586989-0,2026-08-20T20:09:46.988056120Z,,api,access,GET /manifest.webmanifest,success,,,0,,,,code-with-quarkus-pride,737f8f8cf93e4ba7bb57d96eb2f45687,122a308c43c14d1d,anonymous,anonymous,INFO,,,SPN HTTP access GET /manifest.webmanifest status=200,"{""source.port"":""0""}"
1787256586888-0,2026-08-20T20:09:46.886704749Z,,api,access,GET /telemetria/fatia/correlacao,success,,,275000000,,,,code-with-quarkus-pride,5952b8df53774cfa87d1a2ffaf63ab33,cf1c785fb7d84b07,anonymous,anonymous,INFO,,,SPN HTTP access GET /telemetria/fatia/correlacao status=200,"{""source.port"":""0""}"
1787256583436-0,2026-08-20T20:09:43.433891950Z,,api,access,GET /modo,success,,,0,,,,code-with-quarkus-pride,53649a793f2d4d48b6097b1258a5f63c,3ba327f707794af2,anonymous,anonymous,INFO,,,SPN HTTP access GET /modo status=200,"{""source.port"":""0""}"
1787256583115-0,2026-08-20T20:09:43.113716769Z,,api,access,GET /manifest.webmanifest,success,,,0,,,,code-with-quarkus-pride,ea486d497aba4a32bcfdf9c58e8d6403,3213bdbaba6d4940,anonymous,anonymous,INFO,,,SPN HTTP access GET /manifest.webmanifest status=200,"{""source.port"":""0""}"
1787256583046-0,2026-08-20T20:09:43.044835729Z,,api,access,GET /telemetria/fatia/analiseLlmLocal,success,,,315000000,,,,code-with-quarkus-pride,65de7c1c0f464827a130758f8c3270f9,d18933d373ae464b,anonymous,anonymous,INFO,,,SPN HTTP access GET /telemetria/fatia/analiseLlmLocal status=200,"{""source.port"":""0""}"
1787256575873-0,2026-08-20T20:09:35.871548851Z,,api,access,GET /modo,success,,,0,,,,code-with-quarkus-pride,547b2bb4c017401e87b8dc85ae3d1a57,7c837b77b3584bad,anonymous,anonymous,INFO,,,SPN HTTP access GET /modo status=200,"{""source.port"":""0""}"
1787256575564-0,2026-08-20T20:09:35.562737822Z,,api,access,GET /manifest.webmanifest,success,,,0,,,,code-with-quarkus-pride,ed052aa9fcbe4498ade437ca2bc0a48e,e11baa723d9b4ad5,anonymous,anonymous,INFO,,,SPN HTTP access GET /manifest.webmanifest status=200,"{""source.port"":""0""}"
1787256575486-0,2026-08-20T20:09:35.485002359Z,,api,access,GET /telemetria/fatia/analiseLocal,success,,,311000000,,,,code-with-quarkus-pride,2b39f90e8b044e3abbc1c26b3f64120d,8b1dcbdc216343f3,anonymous,anonymous,INFO,,,SPN HTTP access GET /telemetria/fatia/analiseLocal status=200,"{""source.port"":""0""}"
1787256566936-0,2026-08-20T20:09:26.932239538Z,,api,access,GET /modo,success,,,0,,,,code-with-quarkus-pride,8047532b1648496ab75fd12a95706d15,5a541ae5d7e4458d,anonymous,anonymous,INFO,,,SPN HTTP access GET /modo status=200,"{""source.port"":""0""}"
1787256566600-0,2026-08-20T20:09:26.598789720Z,,api,access,GET /manifest.webmanifest,success,,,0,,,,code-with-quarkus-pride,a80ee97604a64c299c0665f8d76f3dab,8969d3936cb54820,anonymous,anonymous,INFO,,,SPN HTTP access GET /manifest.webmanifest status=200,"{""source.port"":""0""}"
1787256566481-0,2026-08-20T20:09:26.477434905Z,,api,access,GET /telemetria,success,,,274000000,,,,code-with-quarkus-pride,4eb113ba76bc4c2fa4bb5838fb2c8c17,46d1ddbbca0a4799,anonymous,anonymous,INFO,,,SPN HTTP access GET /telemetria status=200,"{""source.port"":""0""}"
1787256561415-0,2026-08-20T20:09:21.414564820Z,,api,access,GET /modo,success,,,0,,,,code-with-quarkus-pride,a0b1bd20c36e43a2a6cdb38f66bb36ca,748e7c127cea40ce,anonymous,anonymous,INFO,,,SPN HTTP access GET /modo status=200,"{""source.port"":""0""}"
1787256561053-0,2026-08-20T20:09:21.052137518Z,,api,access,GET /manifest.webmanifest,success,,,0,,,,code-with-quarkus-pride,905e54fc0ec3428b9f76521d2f362550,9a28e520d17b4b32,anonymous,anonymous,INFO,,,SPN HTTP access GET /manifest.webmanifest status=200,"{""source.port"":""0""}"
1787256560972-0,2026-08-20T20:09:20.969189577Z,,api,access,GET /telemetria/fatia/analiseLocal,success,,,358000000,,,,code-with-quarkus-pride,457127dd67f148f79a98b3916ff0c87f,7d02129016b94b0e,anonymous,anonymous,INFO,,,SPN HTTP access GET /telemetria/fatia/analiseLocal status=200,"{""source.port"":""0""}"
1787256549246-0,2026-08-20T20:09:09.244505146Z,,api,access,GET /modo,success,,,0,,,,code-with-quarkus-pride,b71c5af26ccd4cf78f699acf8a0dadb7,36904242a34f43c8,anonymous,anonymous,INFO,,,SPN HTTP access GET /modo status=200,"{""source.port"":""0""}"
1787256548938-0,2026-08-20T20:09:08.935083159Z,,api,access,GET /manifest.webmanifest,success,,,0,,,,code-with-quarkus-pride,15811df244144b0e9945c518f21dc749,9b83143551e24fd5,anonymous,anonymous,INFO,,,SPN HTTP access GET /manifest.webmanifest status=200,"{""source.port"":""0""}"
1787256548844-0,2026-08-20T20:09:08.841059998Z,,api,access,GET /telemetria/fatia/analiseRelatorio,success,,,361000000,,,,code-with-quarkus-pride,3e6ceb10543d4fa2a1764894e926c06e,e45b14d0e4034323,anonymous,anonymous,INFO,,,SPN HTTP access GET /telemetria/fatia/analiseRelatorio status=200,"{""source.port"":""0""}"
1787256536091-0,2026-08-20T20:08:56.005070683Z,,api,access,GET /modo,success,,,0,,,,code-with-quarkus-pride,43d4e071528e41fda0cb92c08283dcd4,40304e37e4314d5e,anonymous,anonymous,INFO,,,SPN HTTP access GET /modo status=200,"{""source.port"":""0""}"
1787256535474-0,2026-08-20T20:08:55.468849074Z,,api,access,GET /manifest.webmanifest,success,,,0,,,,code-with-quarkus-pride,35915179084c4a019dc06ff23b505834,9e279265e15941bb,anonymous,anonymous,INFO,,,SPN HTTP access GET /manifest.webmanifest status=200,"{""source.port"":""0""}"
1787256535092-0,2026-08-20T20:08:55.090911933Z,,api,access,GET /telemetria,success,,,541000000,,,,code-with-quarkus-pride,d2cb8ab9eee941c39885fb8a2a74e374,c0eb63f5f366417f,anonymous,anonymous,INFO,,,SPN HTTP access GET /telemetria status=200,"{""source.port"":""0""}"
1787256534090-0,2026-08-20T20:08:54.084277359Z,,api,access,GET /,success,,,198000000,,,,code-with-quarkus-pride,07db4f1afc2a4dc78c1257919bddf504,39cd5d0f70554b58,anonymous,anonymous,INFO,,,SPN HTTP access GET / status=200,"{""source.port"":""0""}"
1787256530390-0,2026-08-20T20:08:50.388554305Z,,api,access,GET /manifest.webmanifest,success,,,1000000,,,,code-with-quarkus-pride,a56f901ff560418b8d92823257b4a061,a77865ab7f31443d,anonymous,anonymous,INFO,,,SPN HTTP access GET /manifest.webmanifest status=200,"{""source.port"":""0""}"
1787256525081-0,2026-08-20T20:08:45.077222117Z,,api,access,GET /modo,success,,,15000000,,,,code-with-quarkus-pride,c2028e78ed69482e896834786088f713,01b9a173ea824233,anonymous,anonymous,INFO,,,SPN HTTP access GET /modo status=200,"{""source.port"":""0""}"
1787256523760-0,2026-08-20T20:08:43.755287881Z,,api,access,GET /,success,,,62000000,,,,code-with-quarkus-pride,e23a744200e348ebaf70954bc11a7202,eb3992dbfd1849c8,anonymous,anonymous,INFO,,,SPN HTTP access GET / status=200,"{""source.port"":""0""}"
1787256443608-0,2026-08-20T20:07:23.605279407Z,,api,access,GET /,success,,,58000000,,,,code-with-quarkus-pride,2e4992cdb6a141ff88d3e11f58dd18c1,bddc111135124dfb,anonymous,anonymous,INFO,,,SPN HTTP access GET / status=200,"{""source.port"":""0""}"
1787256443478-0,2026-08-20T20:07:23.476586592Z,,api,access,GET /,success,,,78000000,,,,code-with-quarkus-pride,d7c17ffefc054e79b07b9d3533f6ecb7,5ca7ce24249046e9,anonymous,anonymous,INFO,,,SPN HTTP access GET / status=200,"{""source.port"":""0""}"
1787256443244-0,2026-08-20T20:07:23.234179470Z,,api,access,GET /,success,,,380000000,,,,code-with-quarkus-pride,8c95107cb7574f718da67fc23df520f8,6b38c61a2b424e4c,anonymous,anonymous,INFO,,,SPN HTTP access GET / status=200,"{""source.port"":""0""}"
1787255868579-0,2026-08-20T19:57:48.578311357Z,,api,access,GET /,success,,,44000000,,,,code-with-quarkus-pride,b44b3fc0580146c3a293eee5a3980351,e5beec6402da43df,anonymous,anonymous,INFO,,,SPN HTTP access GET / status=200,"{""source.port"":""0""}"
1787255420265-0,2026-08-20T19:50:20.264908806Z,,api,access,GET /modo,success,,,0,,,,code-with-quarkus-pride,8a9e1bdb9bb547d0a0b898ad5aaa3946,924c57e44f614725,anonymous,anonymous,INFO,,,SPN HTTP access GET /modo status=200,"{""source.port"":""0""}"
1787255419979-0,2026-08-20T19:50:19.976394600Z,,api,access,GET /telemetria/painel,success,,,6000000,,,,code-with-quarkus-pride,eae751ee77b94ee3b6695d55e7a7e22b,011760e10f4e4101,anonymous,anonymous,INFO,,,SPN HTTP access GET /telemetria/painel status=200,"{""source.port"":""0""}"
1787255419827-0,2026-08-20T19:50:19.824005376Z,,api,access,GET /manifest.webmanifest,success,,,0,,,,code-with-quarkus-pride,3d30fc9f8b80449fa3bc6a22651cc642,dde616bcd37d4a19,anonymous,anonymous,INFO,,,SPN HTTP access GET /manifest.webmanifest status=200,"{""source.port"":""0""}"
1787255419715-0,2026-08-20T19:50:19.714219338Z,,api,access,GET /telemetria/fatia/analiseLocal,success,,,311000000,,,,code-with-quarkus-pride,45ce49984b174541b52a9b1ee2a11bbc,3d5fe2a7aef142ad,anonymous,anonymous,INFO,,,SPN HTTP access GET /telemetria/fatia/analiseLocal status=200,"{""source.port"":""0""}"
1787255419021-0,2026-08-20T19:50:19.018065219Z,,api,access,GET /telemetria/eventos,success,,,20000000,,,,code-with-quarkus-pride,b73ec01de80d4a24964204497b18f537,d91e85bbb48841d9,anonymous,anonymous,INFO,,,SPN HTTP access GET /telemetria/eventos status=200,"{""source.port"":""0""}"
1787255418068-0,2026-08-20T19:50:18.066659885Z,,api,access,GET /telemetria/painel,success,,,4000000,,,,code-with-quarkus-pride,baec296442974777a01e67f5b446b359,c007e5dcf2dc4259,anonymous,anonymous,INFO,,,SPN HTTP access GET /telemetria/painel status=200,"{""source.port"":""0""}"
1787255417930-0,2026-08-20T19:50:17.929895690Z,,api,access,GET /telemetria/console,success,,,0,,,,code-with-quarkus-pride,fc23970c4f2c4449b4ff0c7e6243fd17,944885b0e9634779,anonymous,anonymous,INFO,,,SPN HTTP access GET /telemetria/console status=200,"{""source.port"":""0""}"
1787255416060-0,2026-08-20T19:50:16.056214163Z,,api,access,GET /telemetria/painel,success,,,10000000,,,,code-with-quarkus-pride,39969a1b8df6482eaf63c735c18aea3d,6da63f3ecf244699,anonymous,anonymous,INFO,,,SPN HTTP access GET /telemetria/painel status=200,"{""source.port"":""0""}"
1787255415951-0,2026-08-20T19:50:15.948363307Z,,api,access,GET /telemetria/eventos,success,,,8000000,,,,code-with-quarkus-pride,355dda8810004bee8c9b462b2303338a,52a74c5944bb4936,anonymous,anonymous,INFO,,,SPN HTTP access GET /telemetria/eventos status=200,"{""source.port"":""0""}"
1787255415789-0,2026-08-20T19:50:15.788549687Z,,api,access,GET /telemetria/eventos,success,,,6000000,,,,code-with-quarkus-pride,94992676cbc1497d952af92d54cede87,174ad107c30c46f1,anonymous,anonymous,INFO,,,SPN HTTP access GET /telemetria/eventos status=200,"{""source.port"":""0""}"
1787255414465-0,2026-08-20T19:50:14.463520516Z,,api,access,GET /telemetria/eventos,success,,,8000000,,,,code-with-quarkus-pride,a85c325c500645df86acb0a034eb9a83,136b7d82dffe4fce,anonymous,anonymous,INFO,,,SPN HTTP access GET /telemetria/eventos status=200,"{""source.port"":""0""}"
1787255413960-0,2026-08-20T19:50:13.959227867Z,,api,access,GET /telemetria/painel,success,,,6000000,,,,code-with-quarkus-pride,cd41bd333509409f83e38097a42ff6f0,042d464cade74623,anonymous,anonymous,INFO,,,SPN HTTP access GET /telemetria/painel status=200,"{""source.port"":""0""}"
1787255413575-0,2026-08-20T19:50:13.573523548Z,,api,access,GET /telemetria/eventos,success,,,9000000,,,,code-with-quarkus-pride,676a51b2c6bc4ea9b24ea641b6f1b648,d64183ad21fd471a,anonymous,anonymous,INFO,,,SPN HTTP access GET /telemetria/eventos status=200,"{""source.port"":""0""}"
1787255412958-0,2026-08-20T19:50:12.955489866Z,,api,access,GET /telemetria/console,success,,,0,,,,code-with-quarkus-pride,f711678a7acb45638e2d34d40a1adddc,4b4d87426330485c,anonymous,anonymous,INFO,,,SPN HTTP access GET /telemetria/console status=200,"{""source.port"":""0""}"
1787255412955-0,2026-08-20T19:50:12.952421736Z,,api,access,GET /telemetria/eventos,success,,,6000000,,,,code-with-quarkus-pride,4d906ff367584123a5cbe608d504880d,56a5a698a5f5475c,anonymous,anonymous,INFO,,,SPN HTTP access GET /telemetria/eventos status=200,"{""source.port"":""0""}"
1787255411988-0,2026-08-20T19:50:11.983289290Z,,api,access,GET /telemetria/painel,success,,,41000000,,,,code-with-quarkus-pride,88fab23853904f81940e3dc3cd649a9a,1e843c670052487f,anonymous,anonymous,INFO,,,SPN HTTP access GET /telemetria/painel status=200,"{""source.port"":""0""}"
1787255411434-0,2026-08-20T19:50:11.433974898Z,,api,access,GET /telemetria/console,success,,,0,,,,code-with-quarkus-pride,96af59681e454fa98d56b995f30f3ab0,88046907aa82469a,anonymous,anonymous,INFO,,,SPN HTTP access GET /telemetria/console status=200,"{""source.port"":""0""}"
1787255410584-0,2026-08-20T19:50:10.583328025Z,,api,access,GET /telemetria/console,success,,,0,,,,code-with-quarkus-pride,65ec416d7e78441381f0f114c68a9f41,60c60a323aaa4af0,anonymous,anonymous,INFO,,,SPN HTTP access GET /telemetria/console status=200,"{""source.port"":""0""}"
1787255409964-0,2026-08-20T19:50:09.963288259Z,,api,access,GET /telemetria/eventos,success,,,12000000,,,,code-with-quarkus-pride,cc12ef089c0f4aefa6984fa9c748262a,78ed17375d1d487e,anonymous,anonymous,INFO,,,SPN HTTP access GET /telemetria/eventos status=200,"{""source.port"":""0""}"
1787255409936-0,2026-08-20T19:50:09.935836888Z,,api,access,GET /telemetria/painel,success,,,5000000,,,,code-with-quarkus-pride,54d6515979aa480b8a9d1105e8ec9d82,6ecd4da34a454c46,anonymous,anonymous,INFO,,,SPN HTTP access GET /telemetria/painel status=200,"{""source.port"":""0""}"
1787255409339-0,2026-08-20T19:50:09.338565489Z,,api,access,GET /telemetria/console,success,,,1000000,,,,code-with-quarkus-pride,29820de10a21414a961ce08375cd82f3,23a543f9f2504648,anonymous,anonymous,INFO,,,SPN HTTP access GET /telemetria/console status=200,"{""source.port"":""0""}"
1787255408041-0,2026-08-20T19:50:08.040746312Z,,api,access,GET /telemetria/console,success,,,2000000,,,,code-with-quarkus-pride,70a75ae33bf74969aa478b946768b31b,65e6714d12b041bc,anonymous,anonymous,INFO,,,SPN HTTP access GET /telemetria/console status=200,"{""source.port"":""0""}"
1787255407955-0,2026-08-20T19:50:07.954792378Z,,api,access,GET /telemetria/painel,success,,,4000000,,,,code-with-quarkus-pride,1933b27f80a8414e892c9c122d9d7381,7767ef5efe714bd0,anonymous,anonymous,INFO,,,SPN HTTP access GET /telemetria/painel status=200,"{""source.port"":""0""}"
1787255407919-0,2026-08-20T19:50:07.918896029Z,,api,access,GET /telemetria/console,success,,,0,,,,code-with-quarkus-pride,9d30f279d8144d3b8be34c0e687e2c63,52a1699778f1484b,anonymous,anonymous,INFO,,,SPN HTTP access GET /telemetria/console status=200,"{""source.port"":""0""}"
1787255406936-0,2026-08-20T19:50:06.935661710Z,,api,access,GET /telemetria/eventos,success,,,5000000,,,,code-with-quarkus-pride,a8ddc5c978f946c480600e6299e9a8b1,4371944fc5aa430d,anonymous,anonymous,INFO,,,SPN HTTP access GET /telemetria/eventos status=200,"{""source.port"":""0""}"
1787255405968-0,2026-08-20T19:50:05.967127624Z,,api,access,GET /telemetria/painel,success,,,11000000,,,,code-with-quarkus-pride,2dc123ab39474cb18b0d47ea6f2c43dc,448c648c436b44d1,anonymous,anonymous,INFO,,,SPN HTTP access GET /telemetria/painel status=200,"{""source.port"":""0""}"
1787255404046-0,2026-08-20T19:50:04.042824066Z,,api,access,GET /telemetria/painel,success,,,12000000,,,,code-with-quarkus-pride,bb5a14260fce4787ba39b86dfc63d158,ba34616a9f4c482d,anonymous,anonymous,INFO,,,SPN HTTP access GET /telemetria/painel status=200,"{""source.port"":""0""}"
1787255404035-0,2026-08-20T19:50:04.030317Z,,api,access,GET /telemetria/eventos,success,,,43000000,,,,code-with-quarkus-pride,08d81233012b4f37a3a985d9c2465dff,051dafc65f8a4dcc,anonymous,anonymous,INFO,,,SPN HTTP access GET /telemetria/eventos status=200,"{""source.port"":""0""}"
1787255402923-0,2026-08-20T19:50:02.921972322Z,,api,access,GET /telemetria/console,success,,,1000000,,,,code-with-quarkus-pride,d90ee8a4a8d2450ca405938cafe6fc13,e89368a5b256414d,anonymous,anonymous,INFO,,,SPN HTTP access GET /telemetria/console status=200,"{""source.port"":""0""}"
1787255401966-0,2026-08-20T19:50:01.961258128Z,,api,access,GET /telemetria/painel,success,,,20000000,,,,code-with-quarkus-pride,348c4bd4c01c46efb5712c179b28b9a1,dd139637b63b4a46,anonymous,anonymous,INFO,,,SPN HTTP access GET /telemetria/painel status=200,"{""source.port"":""0""}"
1787255400944-0,2026-08-20T19:50:00.938136638Z,,api,access,GET /telemetria/eventos,success,,,21000000,,,,code-with-quarkus-pride,4cfdcb00c0944627bdd2e369ae3a524a,3001a9f14c784e3f,anonymous,anonymous,INFO,,,SPN HTTP access GET /telemetria/eventos status=200,"{""source.port"":""0""}"
1787255399935-0,2026-08-20T19:49:59.935290614Z,,api,access,GET /telemetria/painel,success,,,5000000,,,,code-with-quarkus-pride,b29e2d9958aa4a2a867c41e5ccca9225,4cf65dcc41614d49,anonymous,anonymous,INFO,,,SPN HTTP access GET /telemetria/painel status=200,"{""source.port"":""0""}"
1787255397985-0,2026-08-20T19:49:57.984413321Z,,api,access,GET /telemetria/console,success,,,0,,,,code-with-quarkus-pride,e3936605e4a84b09a6cbd89821f06054,60735e10396a4fb7,anonymous,anonymous,INFO,,,SPN HTTP access GET /telemetria/console status=200,"{""source.port"":""0""}"
1787255397914-0,2026-08-20T19:49:57.913910769Z,,api,access,GET /telemetria/eventos,success,,,8000000,,,,code-with-quarkus-pride,2ace7ce4e0004ad9ba0ee54e604759bb,dcba3dedadcf4222,anonymous,anonymous,INFO,,,SPN HTTP access GET /telemetria/eventos status=200,"{""source.port"":""0""}"
1787255397895-0,2026-08-20T19:49:57.894384360Z,,api,access,GET /telemetria/painel,success,,,4000000,,,,code-with-quarkus-pride,b6b65af7c6864a699a45ac1db230dfa7,dce0a01596304952,anonymous,anonymous,INFO,,,SPN HTTP access GET /telemetria/painel status=200,"{""source.port"":""0""}"
1787255392608-0,2026-08-20T19:49:52.606330766Z,,api,access,GET /telemetria/console,success,,,0,,,,code-with-quarkus-pride,6371e2817ada427b8d4d90c67ab73420,3b77cf824bdc41ef,anonymous,anonymous,INFO,,,SPN HTTP access GET /telemetria/console status=200,"{""source.port"":""0""}"
1787255386637-0,2026-08-20T19:49:46.637192150Z,,api,access,GET /telemetria/console,success,,,0,,,,code-with-quarkus-pride,79dbe2b5602a4b9ab9c4965ddeacf52b,e8e1ba62e25a46d6,anonymous,anonymous,INFO,,,SPN HTTP access GET /telemetria/console status=200,"{""source.port"":""0""}"
1787255386628-0,2026-08-20T19:49:46.627715678Z,,api,access,GET /telemetria/eventos,success,,,8000000,,,,code-with-quarkus-pride,d37f0ab439ca4ded9512f78d058703e7,611856c9ad9a437d,anonymous,anonymous,INFO,,,SPN HTTP access GET /telemetria/eventos status=200,"{""source.port"":""0""}"
1787255382605-0,2026-08-20T19:49:42.601648945Z,,api,access,GET /telemetria/eventos,success,,,8000000,,,,code-with-quarkus-pride,a64d2c0048574ceb9ac9096f26c5ba82,c8b6a2c347854e52,anonymous,anonymous,INFO,,,SPN HTTP access GET /telemetria/eventos status=200,"{""source.port"":""0""}"
1787255381755-0,2026-08-20T19:49:41.753440763Z,,api,access,GET /telemetria/console,success,,,3000000,,,,code-with-quarkus-pride,c3419b9918ed4189bdfc21760a4e53ab,a91400f1d9da4b80,anonymous,anonymous,INFO,,,SPN HTTP access GET /telemetria/console status=200,"{""source.port"":""0""}"
1787255381743-0,2026-08-20T19:49:41.740391822Z,,api,access,GET /telemetria/painel,success,,,5000000,,,,code-with-quarkus-pride,779a6fe5f43d40209e718a0713ce376a,78874b4d19df437d,anonymous,anonymous,INFO,,,SPN HTTP access GET /telemetria/painel status=200,"{""source.port"":""0""}"
1787255378653-0,2026-08-20T19:49:38.648081051Z,,api,access,GET /telemetria/painel,success,,,20000000,,,,code-with-quarkus-pride,569c5fd655ba4e9a8deacea2b643e66b,6a3f9d743a6d41df,anonymous,anonymous,INFO,,,SPN HTTP access GET /telemetria/painel status=200,"{""source.port"":""0""}"
1787255378646-0,2026-08-20T19:49:38.633045401Z,,api,access,GET /telemetria/eventos,success,,,6000000,,,,code-with-quarkus-pride,c4b151d1b4ff4023b17b0869301be3fb,2a5ea6ab187245c6,anonymous,anonymous,INFO,,,SPN HTTP access GET /telemetria/eventos status=200,"{""source.port"":""0""}"
1787255375803-0,2026-08-20T19:49:35.803047863Z,,api,access,GET /telemetria/painel,success,,,6000000,,,,code-with-quarkus-pride,c68082c82d0e4c399e898c9d9e4e47d9,99578e13f7ec420c,anonymous,anonymous,INFO,,,SPN HTTP access GET /telemetria/painel status=200,"{""source.port"":""0""}"
1787255375702-0,2026-08-20T19:49:35.701230451Z,,api,access,GET /telemetria/console,success,,,0,,,,code-with-quarkus-pride,f4d44878021343f6a30689290d882535,aab1b5bd31a941c9,anonymous,anonymous,INFO,,,SPN HTTP access GET /telemetria/console status=200,"{""source.port"":""0""}"
1787255375630-0,2026-08-20T19:49:35.628996002Z,,api,access,GET /telemetria/eventos,success,,,9000000,,,,code-with-quarkus-pride,c6369ed178184092a9c16270d21aa34e,728dd5a7bf544d8a,anonymous,anonymous,INFO,,,SPN HTTP access GET /telemetria/eventos status=200,"{""source.port"":""0""}"
1787255372698-0,2026-08-20T19:49:32.697966956Z,,api,access,GET /telemetria/painel,success,,,5000000,,,,code-with-quarkus-pride,ddf79a76139e4abbb5602e7847d8da76,c236753b55774557,anonymous,anonymous,INFO,,,SPN HTTP access GET /telemetria/painel status=200,"{""source.port"":""0""}"
1787255371649-0,2026-08-20T19:49:31.648470861Z,,api,access,GET /telemetria/eventos,success,,,7000000,,,,code-with-quarkus-pride,17a78e81724f4b4e8efb9b7c72225ca7,3bd55dee15a54c5e,anonymous,anonymous,INFO,,,SPN HTTP access GET /telemetria/eventos status=200,"{""source.port"":""0""}"
1787255370648-0,2026-08-20T19:49:30.647738204Z,,api,access,GET /telemetria/console,success,,,0,,,,code-with-quarkus-pride,fe0625f99ca54fae91b045cd639ebb3e,e95f672773bb4278,anonymous,anonymous,INFO,,,SPN HTTP access GET /telemetria/console status=200,"{""source.port"":""0""}"
1787255369625-0,2026-08-20T19:49:29.624788085Z,,api,access,GET /telemetria/painel,success,,,5000000,,,,code-with-quarkus-pride,e6d928ba4763430ab065d36f1ba4777a,c7bf044919b244e1,anonymous,anonymous,INFO,,,SPN HTTP access GET /telemetria/painel status=200,"{""source.port"":""0""}"
1787255368617-0,2026-08-20T19:49:28.616696002Z,,api,access,GET /telemetria/eventos,success,,,8000000,,,,code-with-quarkus-pride,2cf64313a9f84faa974b26230cea62df,ab217792629c43f9,anonymous,anonymous,INFO,,,SPN HTTP access GET /telemetria/eventos status=200,"{""source.port"":""0""}"
1787255367702-0,2026-08-20T19:49:27.701793385Z,,api,access,GET /telemetria/painel,success,,,4000000,,,,code-with-quarkus-pride,abd60ec0ab754e9d80f2ec719454860a,5e4779a53fdc4305,anonymous,anonymous,INFO,,,SPN HTTP access GET /telemetria/painel status=200,"{""source.port"":""0""}"
1787255274635-0,2026-08-20T19:47:54.634461142Z,,api,access,GET /modo,success,,,0,,,,code-with-quarkus-pride,8254632419bc474d8b3397c3e02a0be0,ffa4fee98c7248c1,anonymous,anonymous,INFO,,,SPN HTTP access GET /modo status=200,"{""source.port"":""0""}"
1787255273984-0,2026-08-20T19:47:53.983824514Z,,api,access,GET /manifest.webmanifest,success,,,0,,,,code-with-quarkus-pride,5ada24db9c8943ed9e5e3d81c557cb54,034d26c733aa4a8d,anonymous,anonymous,INFO,,,SPN HTTP access GET /manifest.webmanifest status=200,"{""source.port"":""0""}"
1787255273892-0,2026-08-20T19:47:53.891540165Z,,api,access,GET /telemetria,success,,,270000000,,,,code-with-quarkus-pride,5ba5a66bb8b848d18e339d068035e311,3266a6ba81684554,anonymous,anonymous,INFO,,,SPN HTTP access GET /telemetria status=200,"{""source.port"":""0""}"
1787255273206-0,2026-08-20T19:47:53.205642868Z,,api,access,GET /modo,success,,,0,,,,code-with-quarkus-pride,59a6bf59ab574f21a577bc34fceac0b5,a9027dd9068f4f57,anonymous,anonymous,INFO,,,SPN HTTP access GET /modo status=200,"{""source.port"":""0""}"
1787255272567-0,2026-08-20T19:47:52.566788956Z,,api,access,GET /manifest.webmanifest,success,,,0,,,,code-with-quarkus-pride,e3f41ce4b791434ea84c60d815cbac59,e5ec54ebfd514c0d,anonymous,anonymous,INFO,,,SPN HTTP access GET /manifest.webmanifest status=200,"{""source.port"":""0""}"
1787255272521-0,2026-08-20T19:47:52.520736395Z,,api,access,GET /telemetria/fatia/analiseRelatorio,success,,,378000000,,,,code-with-quarkus-pride,5f44910c4f85482abca5350bb6750b05,cd0251adb5b64109,anonymous,anonymous,INFO,,,SPN HTTP access GET /telemetria/fatia/analiseRelatorio status=200,"{""source.port"":""0""}"
1787255271945-0,2026-08-20T19:47:51.942365911Z,,api,access,GET /modo,success,,,0,,,,code-with-quarkus-pride,b9c7ef2109144b6086244f5078117601,ebd3d99e31f64945,anonymous,anonymous,INFO,,,SPN HTTP access GET /modo status=200,"{""source.port"":""0""}"
1787255271492-0,2026-08-20T19:47:51.491243868Z,,api,access,GET /manifest.webmanifest,success,,,0,,,,code-with-quarkus-pride,2290491cab084bc39f130dae4b82120b,ff75ff0df7024bdf,anonymous,anonymous,INFO,,,SPN HTTP access GET /manifest.webmanifest status=200,"{""source.port"":""0""}"
1787255271430-0,2026-08-20T19:47:51.430124553Z,,api,access,GET /telemetria/fatia/analiseApiExterna,success,,,285000000,,,,code-with-quarkus-pride,fc8aeacfd5c145fb9a6f9a8f481ead66,7b1a9449f23945db,anonymous,anonymous,INFO,,,SPN HTTP access GET /telemetria/fatia/analiseApiExterna status=200,"{""source.port"":""0""}"
1787255270732-0,2026-08-20T19:47:50.731878902Z,,api,access,GET /modo,success,,,0,,,,code-with-quarkus-pride,683aaed36f254d5992f81a8397b6774d,a8293466a601402c,anonymous,anonymous,INFO,,,SPN HTTP access GET /modo status=200,"{""source.port"":""0""}"
1787255270377-0,2026-08-20T19:47:50.375009237Z,,api,access,GET /manifest.webmanifest,success,,,0,,,,code-with-quarkus-pride,023a19cc15c94b0c87bfd044c8def462,a40a01a927eb4785,anonymous,anonymous,INFO,,,SPN HTTP access GET /manifest.webmanifest status=200,"{""source.port"":""0""}"
1787255270328-0,2026-08-20T19:47:50.328561988Z,,api,access,GET /telemetria/fatia/analiseLlmLocal,success,,,271000000,,,,code-with-quarkus-pride,d0114382fe114c42a5456a4946fb80c9,5e8a2e82327445ac,anonymous,anonymous,INFO,,,SPN HTTP access GET /telemetria/fatia/analiseLlmLocal status=200,"{""source.port"":""0""}"
1787255269429-0,2026-08-20T19:47:49.428444058Z,,api,access,GET /modo,success,,,0,,,,code-with-quarkus-pride,6691c982f32c4cf9b346799377fe24bb,65348e583aed4939,anonymous,anonymous,INFO,,,SPN HTTP access GET /modo status=200,"{""source.port"":""0""}"
1787255268830-0,2026-08-20T19:47:48.829853752Z,,api,access,GET /manifest.webmanifest,success,,,0,,,,code-with-quarkus-pride,92d138986cb14259bbe587bca751c532,c68c30fa98a448c8,anonymous,anonymous,INFO,,,SPN HTTP access GET /manifest.webmanifest status=200,"{""source.port"":""0""}"
1787255268781-0,2026-08-20T19:47:48.781570441Z,,api,access,GET /telemetria/fatia/analiseLocal,success,,,212000000,,,,code-with-quarkus-pride,fe98d0e821854339aa3f663f76fe4b61,1ff21019123a482c,anonymous,anonymous,INFO,,,SPN HTTP access GET /telemetria/fatia/analiseLocal status=200,"{""source.port"":""0""}"
1787255266405-0,2026-08-20T19:47:46.405131751Z,,api,access,GET /modo,success,,,0,,,,code-with-quarkus-pride,1aabc0a0c7494f0b81590ecf43c249ac,5d896ee8ede0431c,anonymous,anonymous,INFO,,,SPN HTTP access GET /modo status=200,"{""source.port"":""0""}"
1787255265948-0,2026-08-20T19:47:45.947795960Z,,api,access,GET /manifest.webmanifest,success,,,0,,,,code-with-quarkus-pride,507fbe469b294428ab720bf3d0444ec5,79d60e08bc6c4114,anonymous,anonymous,INFO,,,SPN HTTP access GET /manifest.webmanifest status=200,"{""source.port"":""0""}"
1787255265826-0,2026-08-20T19:47:45.825363665Z,,api,access,GET /telemetria,success,,,290000000,,,,code-with-quarkus-pride,4cfbed289dba47918c4504a414c7590e,315d1c421bf64dd6,anonymous,anonymous,INFO,,,SPN HTTP access GET /telemetria status=200,"{""source.port"":""0""}"
1787253529487-0,2026-08-20T19:18:49.486014193Z,,api,access,GET /home/kpis,success,,,42000000,,,,code-with-quarkus-pride,7fe32bd7190145c8a25c74a99e16b5b2,55845599c6e14da9,anonymous,anonymous,INFO,,,SPN HTTP access GET /home/kpis status=200,"{""source.port"":""0""}"
1787253529446-0,2026-08-20T19:18:49.445398711Z,,api,access,GET /home/situacao,success,,,0,,,,code-with-quarkus-pride,8675fc31f7b4427fb02f4ba8a285ced6,c5e45216e48e4f53,anonymous,anonymous,INFO,,,SPN HTTP access GET /home/situacao status=200,"{""source.port"":""0""}"
